learning_object,question_text,suggested_solution,difficulty
LO-00001,Phương trình nào sau đây là phương trình tích? A. \(2x + 1 = 0\) B. \(x^2 - 9 = 0\) C. \((x-1)(2x+3) = 0\) D. \(\frac{x}{x+1} = 5\),"Phương trình tích có dạng \(A(x) \cdot B(x) = 0\). Trong các phương án trên, chỉ có phương trình \((x-1)(2x+3) = 0\) có dạng này.  **Lời giải:** - Bước 1: Nhận dạng các phương trình đã cho. - Bước 2: So sánh với dạng tổng quát của phương trình tích là \(A(x) \cdot B(x) = 0\). - Bước 3: Kết luận phương trình \((x-1)(2x+3) = 0\) là phương trình tích.  **Đáp án đúng là C.**",Nhận biết
LO-00001,Giải phương trình \(5x(x-7) = 0\).,Đây là phương trình tích có dạng \(A(x) \cdot B(x) = 0\) với \(A(x) = 5x\) và \(B(x) = x-7\).  **Lời giải:** Ta có: \(5x(x-7) = 0\) Trường hợp 1: \(5x = 0 \Leftrightarrow x = 0\) Trường hợp 2: \(x - 7 = 0 \Leftrightarrow x = 7\)  Vậy tập nghiệm của phương trình là \(S = \{0; 7\}\).,Nhận biết
LO-00001,Tìm tập nghiệm của phương trình \((2x-1)^2 - 25 = 0\).,"Để giải phương trình, ta cần phân tích vế trái thành nhân tử bằng cách sử dụng hằng đẳng thức hiệu hai bình phương \(A^2 - B^2 = (A-B)(A+B)\).  **Lời giải:** Ta có: \((2x-1)^2 - 25 = 0\) \(\Leftrightarrow (2x-1)^2 - 5^2 = 0\) \(\Leftrightarrow ((2x-1) - 5)((2x-1) + 5) = 0\) \(\Leftrightarrow (2x-6)(2x+4) = 0\)  Trường hợp 1: \(2x - 6 = 0 \Leftrightarrow 2x = 6 \Leftrightarrow x = 3\) Trường hợp 2: \(2x + 4 = 0 \Leftrightarrow 2x = -4 \Leftrightarrow x = -2\)  Vậy tập nghiệm của phương trình là \(S = \{-2; 3\}\).",Thông hiểu
LO-00001,Giải phương trình \(x^2(x-3) = 4(x-3)\).,"Đây là dạng phương trình cần chuyển vế để xuất hiện nhân tử chung, tránh chia hai vế cho biểu thức chứa ẩn có thể làm mất nghiệm.  **Lời giải:** Ta có: \(x^2(x-3) = 4(x-3)\) \(\Leftrightarrow x^2(x-3) - 4(x-3) = 0\) \(\Leftrightarrow (x-3)(x^2 - 4) = 0\) \(\Leftrightarrow (x-3)(x-2)(x+2) = 0\)  Trường hợp 1: \(x - 3 = 0 \Leftrightarrow x = 3\) Trường hợp 2: \(x - 2 = 0 \Leftrightarrow x = 2\) Trường hợp 3: \(x + 2 = 0 \Leftrightarrow x = -2\)  Vậy tập nghiệm của phương trình là \(S = \{-2; 2; 3\}\).",Thông hiểu
LO-00001,Giải phương trình \(x^3 - 2x^2 + 5x - 10 = 0\).,"Ta sẽ phân tích vế trái thành nhân tử bằng phương pháp nhóm hạng tử.  **Lời giải:** Ta có: \(x^3 - 2x^2 + 5x - 10 = 0\) \(\Leftrightarrow (x^3 - 2x^2) + (5x - 10) = 0\) \(\Leftrightarrow x^2(x - 2) + 5(x - 2) = 0\) \(\Leftrightarrow (x - 2)(x^2 + 5) = 0\)  Trường hợp 1: \(x - 2 = 0 \Leftrightarrow x = 2\) Trường hợp 2: \(x^2 + 5 = 0\). Vì \(x^2 \ge 0\) với mọi \(x\), nên \(x^2 + 5 > 0\) với mọi \(x\). Do đó phương trình này vô nghiệm.  Vậy phương trình đã cho có nghiệm duy nhất là \(x = 2\).",Thông hiểu
LO-00001,Tìm tổng các nghiệm của phương trình \(x^2 - 8x + 15 = 0\) bằng cách phân tích thành nhân tử.,Ta sẽ phân tích đa thức vế trái thành nhân tử bằng phương pháp tách hạng tử bậc nhất.  **Lời giải:** Ta có: \(x^2 - 8x + 15 = 0\) \(\Leftrightarrow x^2 - 3x - 5x + 15 = 0\) \(\Leftrightarrow (x^2 - 3x) - (5x - 15) = 0\) \(\Leftrightarrow x(x - 3) - 5(x - 3) = 0\) \(\Leftrightarrow (x - 3)(x - 5) = 0\)  Phương trình có hai nghiệm là \(x_1 = 3\) và \(x_2 = 5\). Tổng các nghiệm là \(3 + 5 = 8\).,Vận dụng
LO-00001,Giải phương trình \((x+2)^3 - (x+2) = 0\).,Ta phân tích vế trái thành nhân tử bằng cách đặt nhân tử chung.  **Lời giải:** Ta có: \((x+2)^3 - (x+2) = 0\) \(\Leftrightarrow (x+2)[(x+2)^2 - 1] = 0\) \(\Leftrightarrow (x+2)(x+2-1)(x+2+1) = 0\) \(\Leftrightarrow (x+2)(x+1)(x+3) = 0\)  Phương trình có 3 nghiệm: - \(x + 2 = 0 \Leftrightarrow x = -2\) - \(x + 1 = 0 \Leftrightarrow x = -1\) - \(x + 3 = 0 \Leftrightarrow x = -3\)  Vậy tập nghiệm của phương trình là \(S = \{-3; -2; -1\}\).,Vận dụng
LO-00001,Biết \(x=1\) là một nghiệm của phương trình \(x^3 + 2x^2 - 5x + 2 = 0\). Tìm các nghiệm còn lại.,Vì \(x=1\) là một nghiệm nên đa thức \(x^3 + 2x^2 - 5x + 2\) chia hết cho \((x-1)\). Ta thực hiện phép chia đa thức hoặc phân tích thành nhân tử.  **Lời giải:** Ta có: \(x^3 + 2x^2 - 5x + 2 = 0\) \(\Leftrightarrow (x^3 - x^2) + (3x^2 - 3x) - (2x - 2) = 0\) \(\Leftrightarrow x^2(x - 1) + 3x(x - 1) - 2(x - 1) = 0\) \(\Leftrightarrow (x - 1)(x^2 + 3x - 2) = 0\)  Ta đã biết nghiệm \(x=1\). Các nghiệm còn lại là nghiệm của phương trình \(x^2 + 3x - 2 = 0\). Ta có \(\Delta = 3^2 - 4(1)(-2) = 9 + 8 = 17 > 0\). Phương trình có hai nghiệm phân biệt: \(x_1 = \frac{-3 + \sqrt{17}}{2}\) \(x_2 = \frac{-3 - \sqrt{17}}{2}\)  Vậy các nghiệm còn lại của phương trình là \(\frac{-3 + \sqrt{17}}{2}\) và \(\frac{-3 - \sqrt{17}}{2}\).,Vận dụng
LO-00001,Tìm tất cả các giá trị của tham số \(m\) để phương trình \((x-m)(x^2 - 6x + 8) = 0\) có đúng hai nghiệm phân biệt.,"Phương trình đã cho là phương trình tích.  **Lời giải:** Ta có: \((x-m)(x^2 - 6x + 8) = 0\) \(\Leftrightarrow (x-m)(x-2)(x-4) = 0\) Phương trình có các nghiệm là \(x=m\), \(x=2\), \(x=4\).  Để phương trình có đúng hai nghiệm phân biệt, nghiệm \(x=m\) phải trùng với một trong hai nghiệm còn lại. - Trường hợp 1: \(m = 2\). Khi đó phương trình có hai nghiệm phân biệt là \(x=2\) và \(x=4\). (Thỏa mãn) - Trường hợp 2: \(m = 4\). Khi đó phương trình có hai nghiệm phân biệt là \(x=2\) và \(x=4\). (Thỏa mãn)  Vậy các giá trị của \(m\) cần tìm là \(m=2\) hoặc \(m=4\).",Vận dụng cao
LO-00001,Giải phương trình \(x^4 + x^2 + 1 = 0\).,Ta sẽ phân tích vế trái thành nhân tử bằng phương pháp thêm bớt hạng tử.  **Lời giải:** Ta có: \(x^4 + x^2 + 1 = 0\) \(\Leftrightarrow (x^4 + 2x^2 + 1) - x^2 = 0\) \(\Leftrightarrow (x^2 + 1)^2 - x^2 = 0\) \(\Leftrightarrow (x^2 + 1 - x)(x^2 + 1 + x) = 0\)  Trường hợp 1: \(x^2 - x + 1 = 0\) Ta có \(\Delta = (-1)^2 - 4(1)(1) = 1 - 4 = -3 < 0\). Phương trình này vô nghiệm.  Trường hợp 2: \(x^2 + x + 1 = 0\) Ta có \(\Delta = 1^2 - 4(1)(1) = 1 - 4 = -3 < 0\). Phương trình này vô nghiệm.  Vậy phương trình đã cho vô nghiệm.,Vận dụng cao
LO-00002,Điều kiện xác định của phương trình \(\frac{5}{x-4} = 1\) là gì?,Phương trình chứa ẩn ở mẫu xác định khi tất cả các mẫu thức khác 0.  **Lời giải:** - Bước 1: Xác định mẫu thức của phương trình. Mẫu thức là \(x-4\). - Bước 2: Đặt điều kiện cho mẫu thức khác 0: \(x - 4 \ne 0\). - Bước 3: Giải điều kiện: \(x \ne 4\).  Vậy điều kiện xác định của phương trình là \(x \ne 4\).,Nhận biết
LO-00002,"Để giải phương trình \(\frac{1}{x} + \frac{1}{x+2} = 3\), ta cần đặt điều kiện xác định là gì?",Phương trình xác định khi tất cả các mẫu thức khác 0.  **Lời giải:** - Bước 1: Xác định các mẫu thức của phương trình: \(x\) và \(x+2\). - Bước 2: Đặt điều kiện cho từng mẫu thức khác 0:   + \(x \ne 0\)   + \(x + 2 \ne 0 \Leftrightarrow x \ne -2\)  Vậy điều kiện xác định của phương trình là \(x \ne 0\) và \(x \ne -2\).,Nhận biết
LO-00002,Tìm tập nghiệm của phương trình \(\frac{2x+1}{x-1} = 3\).,Đây là bài toán giải phương trình chứa ẩn ở mẫu cơ bản.  **Lời giải:** - Bước 1: Tìm điều kiện xác định (ĐKXĐ).   \(x - 1 \ne 0 \Leftrightarrow x \ne 1\).  - Bước 2: Quy đồng và khử mẫu.   \(\frac{2x+1}{x-1} = \frac{3(x-1)}{x-1}\)   \(\Rightarrow 2x + 1 = 3(x-1)\)  - Bước 3: Giải phương trình.   \(2x + 1 = 3x - 3\)   \(\Leftrightarrow 3x - 2x = 1 + 3\)   \(\Leftrightarrow x = 4\)  - Bước 4: Đối chiếu với ĐKXĐ.   Giá trị \(x=4\) thỏa mãn điều kiện \(x \ne 1\).  Vậy tập nghiệm của phương trình là \(S = \{4\}\).,Thông hiểu
LO-00002,Giải phương trình \(\frac{x^2}{x+3} = \frac{9}{x+3}\).,Bài toán này kiểm tra bước đối chiếu nghiệm với điều kiện xác định.  **Lời giải:** - Bước 1: Tìm ĐKXĐ.   \(x + 3 \ne 0 \Leftrightarrow x \ne -3\).  - Bước 2: Khử mẫu.   Phương trình có cùng mẫu thức nên ta có: \(x^2 = 9\)  - Bước 3: Giải phương trình.   \(x^2 = 9 \Leftrightarrow x = 3\) hoặc \(x = -3\).  - Bước 4: Đối chiếu với ĐKXĐ.   + Nghiệm \(x = 3\) thỏa mãn điều kiện \(x \ne -3\) (nhận).   + Nghiệm \(x = -3\) không thỏa mãn điều kiện \(x \ne -3\) (loại).  Vậy phương trình có nghiệm duy nhất là \(x = 3\).,Thông hiểu
LO-00002,Phương trình \(\frac{1}{x-2} + 3 = \frac{3-x}{x-2}\) có bao nhiêu nghiệm?,"Ta cần giải phương trình và đối chiếu với ĐKXĐ để kết luận số nghiệm.  **Lời giải:** - Bước 1: Tìm ĐKXĐ.   \(x - 2 \ne 0 \Leftrightarrow x \ne 2\).  - Bước 2: Quy đồng và khử mẫu.   \(\frac{1}{x-2} + \frac{3(x-2)}{x-2} = \frac{3-x}{x-2}\)   \(\Rightarrow 1 + 3(x-2) = 3-x\)  - Bước 3: Giải phương trình.   \(1 + 3x - 6 = 3 - x\)   \(\Leftrightarrow 3x - 5 = 3 - x\)   \(\Leftrightarrow 4x = 8\)   \(\Leftrightarrow x = 2\)  - Bước 4: Đối chiếu với ĐKXĐ.   Giá trị \(x=2\) không thỏa mãn điều kiện \(x \ne 2\) (loại).  Vậy phương trình đã cho vô nghiệm, tức là có 0 nghiệm.",Thông hiểu
LO-00002,Giải phương trình \(\frac{x}{x-1} - \frac{2}{x+1} = \frac{2}{x^2-1}\).,Đây là phương trình có mẫu thức cần được phân tích thành nhân tử để tìm mẫu thức chung.  **Lời giải:** - Bước 1: Tìm ĐKXĐ.   Ta có \(x^2 - 1 = (x-1)(x+1)\). Vậy ĐKXĐ là \(x \ne 1\) và \(x \ne -1\).  - Bước 2: Quy đồng và khử mẫu. Mẫu thức chung là \((x-1)(x+1)\).   \(\frac{x(x+1)}{(x-1)(x+1)} - \frac{2(x-1)}{(x-1)(x+1)} = \frac{2}{(x-1)(x+1)}\)   \(\Rightarrow x(x+1) - 2(x-1) = 2\)  - Bước 3: Giải phương trình.   \(x^2 + x - 2x + 2 = 2\)   \(\Leftrightarrow x^2 - x = 0\)   \(\Leftrightarrow x(x-1) = 0\)   \(\Leftrightarrow x = 0\) hoặc \(x = 1\).  - Bước 4: Đối chiếu với ĐKXĐ.   + Nghiệm \(x = 0\) thỏa mãn ĐKXĐ (nhận).   + Nghiệm \(x = 1\) không thỏa mãn ĐKXĐ (loại).  Vậy phương trình có nghiệm duy nhất là \(x = 0\).,Vận dụng
LO-00002,Tìm tổng các nghiệm của phương trình \(x + \frac{1}{x} = \frac{5}{2}\).,Đây là phương trình sau khi khử mẫu sẽ trở thành phương trình bậc hai.  **Lời giải:** - Bước 1: Tìm ĐKXĐ: \(x \ne 0\).  - Bước 2: Quy đồng và khử mẫu. Mẫu thức chung là \(2x\).   \(\frac{2x^2}{2x} + \frac{2}{2x} = \frac{5x}{2x}\)   \(\Rightarrow 2x^2 + 2 = 5x\)  - Bước 3: Giải phương trình bậc hai.   \(2x^2 - 5x + 2 = 0\)   Ta có \(\Delta = (-5)^2 - 4(2)(2) = 25 - 16 = 9 > 0\).   Phương trình có hai nghiệm phân biệt:   \(x_1 = \frac{5 + \sqrt{9}}{2 \cdot 2} = \frac{5+3}{4} = 2\)   \(x_2 = \frac{5 - \sqrt{9}}{2 \cdot 2} = \frac{5-3}{4} = \frac{1}{2}\)  - Bước 4: Đối chiếu với ĐKXĐ.   Cả hai nghiệm \(x=2\) và \(x=\frac{1}{2}\) đều thỏa mãn \(x \ne 0\).  Tổng các nghiệm là \(2 + \frac{1}{2} = \frac{5}{2}\).,Vận dụng
LO-00002,Phương trình \(\frac{1}{x-1} + \frac{1}{x-2} = \frac{1}{x-3}\) có bao nhiêu nghiệm nguyên?,"Đây là bài toán giải phương trình chứa ẩn ở mẫu phức tạp, sau đó kiểm tra tính nguyên của nghiệm.  **Lời giải:** - Bước 1: Tìm ĐKXĐ: \(x \ne 1; x \ne 2; x \ne 3\).  - Bước 2: Quy đồng và giải phương trình.   \(\frac{(x-2) + (x-1)}{(x-1)(x-2)} = \frac{1}{x-3}\)   \(\Leftrightarrow \frac{2x-3}{x^2-3x+2} = \frac{1}{x-3}\)   \(\Rightarrow (2x-3)(x-3) = x^2-3x+2\)   \(\Leftrightarrow 2x^2 - 6x - 3x + 9 = x^2 - 3x + 2\)   \(\Leftrightarrow x^2 - 6x + 7 = 0\)  - Bước 3: Tìm nghiệm của phương trình bậc hai.   \(\Delta' = (-3)^2 - 1(7) = 9 - 7 = 2 > 0\).   Nghiệm của phương trình là \(x = 3 \pm \sqrt{2}\).  - Bước 4: Đối chiếu và kết luận.   Cả hai nghiệm \(3 + \sqrt{2}\) và \(3 - \sqrt{2}\) đều thỏa mãn ĐKXĐ. Tuy nhiên, cả hai nghiệm này đều không phải là số nguyên.  Vậy phương trình không có nghiệm nguyên nào.",Vận dụng
LO-00002,Tìm tất cả các giá trị của tham số \(m\) để phương trình \(\frac{x-m}{x-1} = 2\) vô nghiệm.,"Một phương trình chứa ẩn ở mẫu vô nghiệm khi nghiệm tìm được sau khi khử mẫu trùng với giá trị bị loại bởi điều kiện xác định.  **Lời giải:** - Bước 1: Tìm ĐKXĐ: \(x - 1 \ne 0 \Leftrightarrow x \ne 1\).  - Bước 2: Khử mẫu và giải phương trình theo \(x\).   \(x - m = 2(x-1)\)   \(\Leftrightarrow x - m = 2x - 2\)   \(\Leftrightarrow 2x - x = 2 - m\)   \(\Leftrightarrow x = 2 - m\)  - Bước 3: Biện luận.   Phương trình đã cho vô nghiệm khi và chỉ khi nghiệm duy nhất tìm được ở trên vi phạm điều kiện xác định. Tức là:   \(x = 1\)   \(\Leftrightarrow 2 - m = 1\)   \(\Leftrightarrow m = 1\)  Vậy với \(m=1\), phương trình vô nghiệm.",Vận dụng cao
LO-00002,Giải phương trình \(\frac{1}{x^2+3x+2} + \frac{1}{x^2+5x+6} = \frac{2}{x^2+4x+3}\).,Đây là bài toán yêu cầu kỹ năng phân tích các mẫu thức thành nhân tử để tìm mẫu thức chung và giải phương trình.  **Lời giải:** - Bước 1: Phân tích các mẫu thức.   \(x^2+3x+2 = (x+1)(x+2)\)   \(x^2+5x+6 = (x+2)(x+3)\)   \(x^2+4x+3 = (x+1)(x+3)\)   ĐKXĐ: \(x \ne -1; x \ne -2; x \ne -3\).  - Bước 2: Viết lại và giải phương trình.   \(\frac{1}{(x+1)(x+2)} + \frac{1}{(x+2)(x+3)} = \frac{2}{(x+1)(x+3)}\)   Nhận xét vế trái: \(\frac{1}{x+1} - \frac{1}{x+2} + \frac{1}{x+2} - \frac{1}{x+3} = \frac{1}{x+1} - \frac{1}{x+3}\) (phân tích thành phân số đơn giản).   Vậy phương trình trở thành:   \(\frac{1}{x+1} - \frac{1}{x+3} = \frac{2}{(x+1)(x+3)}\)   \(\Leftrightarrow \frac{(x+3) - (x+1)}{(x+1)(x+3)} = \frac{2}{(x+1)(x+3)}\)   \(\Leftrightarrow \frac{2}{(x+1)(x+3)} = \frac{2}{(x+1)(x+3)}\)  - Bước 3: Kết luận.   Phương trình trên luôn đúng với mọi \(x\) thỏa mãn ĐKXĐ.  Vậy tập nghiệm của phương trình là \(S = \mathbb{R} \setminus \{-1; -2; -3\}\).,Vận dụng cao
LO-00003,Một hình chữ nhật có chu vi là 100m. Nếu gọi chiều dài là \(x\) (m) thì chiều rộng được biểu diễn là \(50-x\) (m). Phương trình nào sau đây biểu thị thông tin diện tích của hình chữ nhật đó là 600m²?,Ta có công thức tính diện tích hình chữ nhật là: Diện tích = Chiều dài × Chiều rộng.  **Lời giải:** - Bước 1: Xác định các đại lượng đã cho theo ẩn \(x\).   + Chiều dài: \(x\) (m)   + Chiều rộng: \(50-x\) (m)   + Diện tích: 600 m² - Bước 2: Lập phương trình biểu thị mối quan hệ giữa các đại lượng.   Chiều dài × Chiều rộng = Diện tích   \(\Rightarrow x(50-x) = 600\)  Vậy phương trình cần tìm là \(x(50-x) = 600\).,Nhận biết
LO-00003,"Tổng của hai số là 80. Số thứ nhất lớn hơn số thứ hai là 12. Nếu gọi số thứ hai là \(x\), phương trình nào sau đây biểu diễn đúng mối quan hệ của bài toán?","Bài toán yêu cầu thiết lập phương trình từ các mối quan hệ cho trước.  **Lời giải:** - Bước 1: Gọi ẩn và biểu diễn các đại lượng.   + Gọi số thứ hai là \(x\).   + Vì số thứ nhất lớn hơn số thứ hai là 12, nên số thứ nhất là \(x+12\). - Bước 2: Lập phương trình dựa trên thông tin tổng hai số.   Tổng hai số là 80, nên ta có phương trình:   \((x+12) + x = 80\)   \(\Leftrightarrow 2x + 12 = 80\)",Nhận biết
LO-00003,"Một người đi xe máy từ A đến B với vận tốc 35 km/h. Lúc về, người đó đi với vận tốc 45 km/h nên thời gian về ít hơn thời gian đi là 30 phút. Nếu gọi quãng đường AB là \(x\) (km), hãy thiết lập phương trình của bài toán.","Đây là bài toán chuyển động, ta cần biểu diễn thời gian đi và về theo quãng đường và vận tốc.  **Lời giải:** - Bước 1: Đổi đơn vị thời gian: 30 phút = \(\frac{1}{2}\) giờ. - Bước 2: Biểu diễn các đại lượng theo ẩn \(x\).   + Thời gian đi từ A đến B: \(t_{đi} = \frac{x}{35}\) (giờ)   + Thời gian về từ B đến A: \(t_{về} = \frac{x}{45}\) (giờ) - Bước 3: Lập phương trình dựa trên mối quan hệ thời gian.   Thời gian về ít hơn thời gian đi là \(\frac{1}{2}\) giờ, nên ta có:   \(t_{đi} - t_{về} = \frac{1}{2}\)   \(\Leftrightarrow \frac{x}{35} - \frac{x}{45} = \frac{1}{2}\)",Thông hiểu
LO-00003,Hai vòi nước cùng chảy vào một bể cạn thì sau 12 giờ đầy bể. Nếu chỉ mở vòi thứ nhất thì sau 20 giờ sẽ đầy bể. Gọi \(x\) là thời gian để vòi thứ hai chảy một mình đầy bể (đơn vị: giờ). Hãy lập phương trình để tìm \(x\).,"Đây là bài toán làm chung - làm riêng, ta sẽ lập phương trình dựa trên lượng nước chảy được trong một giờ.  **Lời giải:** - Bước 1: Biểu diễn lượng nước chảy trong 1 giờ của mỗi vòi.   + Trong 1 giờ, cả hai vòi chảy được: \(\frac{1}{12}\) (bể)   + Trong 1 giờ, vòi thứ nhất chảy được: \(\frac{1}{20}\) (bể)   + Trong 1 giờ, vòi thứ hai chảy được: \(\frac{1}{x}\) (bể) - Bước 2: Lập phương trình.   Lượng nước cả hai vòi chảy trong 1 giờ bằng tổng lượng nước mỗi vòi chảy trong 1 giờ:   \(\frac{1}{20} + \frac{1}{x} = \frac{1}{12}\)",Thông hiểu
LO-00003,"Một lớp học có 45 học sinh. Trong đợt quyên góp, mỗi bạn nam góp 5 quyển vở, mỗi bạn nữ góp 3 quyển vở. Tổng số vở quyên góp được là 175 quyển. Gọi số học sinh nam là \(x\). Hãy lập phương trình để tìm \(x\).","Ta cần biểu diễn số học sinh nữ và tổng số vở quyên góp theo ẩn \(x\).  **Lời giải:** - Bước 1: Biểu diễn các đại lượng theo ẩn \(x\).   + Số học sinh nam: \(x\) (học sinh)   + Số học sinh nữ: \(45 - x\) (học sinh) - Bước 2: Biểu diễn tổng số vở quyên góp được.   + Số vở các bạn nam góp: \(5x\) (quyển)   + Số vở các bạn nữ góp: \(3(45 - x)\) (quyển) - Bước 3: Lập phương trình.   Tổng số vở là 175 quyển, nên ta có phương trình:   \(5x + 3(45 - x) = 175\)",Thông hiểu
LO-00003,"Một xưởng may dự định may 1500 chiếc áo trong một thời gian nhất định. Để hoàn thành sớm, mỗi ngày xưởng đã may thêm được 25 chiếc áo so với kế hoạch. Do đó, xưởng đã hoàn thành công việc trước kế hoạch 5 ngày. Hỏi theo kế hoạch, mỗi ngày xưởng phải may bao nhiêu chiếc áo?","Đây là bài toán năng suất, ta sẽ lập phương trình dựa trên sự chênh lệch về thời gian.  **Lời giải:** - Bước 1: Gọi ẩn và đặt điều kiện.   Gọi số áo mỗi ngày xưởng dự định may là \(x\) (chiếc, \(x \in \mathbb{N}^*\)). - Bước 2: Biểu diễn các đại lượng.   + Thời gian dự định hoàn thành: \(\frac{1500}{x}\) (ngày)   + Số áo thực tế may mỗi ngày: \(x + 25\) (chiếc)   + Thời gian thực tế hoàn thành: \(\frac{1500}{x+25}\) (ngày) - Bước 3: Lập phương trình.   Vì hoàn thành sớm hơn 5 ngày, nên thời gian dự định nhiều hơn thời gian thực tế là 5 ngày:   \(\frac{1500}{x} - \frac{1500}{x+25} = 5\) - Bước 4: Giải phương trình.   ĐKXĐ: \(x > 0\). Quy đồng và khử mẫu:   \(1500(x+25) - 1500x = 5x(x+25)\)   \(\Leftrightarrow 1500x + 37500 - 1500x = 5x^2 + 125x\)   \(\Leftrightarrow 5x^2 + 125x - 37500 = 0\)   \(\Leftrightarrow x^2 + 25x - 7500 = 0\)   Giải phương trình bậc hai ta được \(x = 75\) (nhận) và \(x = -100\) (loại).  - Bước 5: Kết luận.   Vậy theo kế hoạch, mỗi ngày xưởng phải may 75 chiếc áo.",Vận dụng
LO-00003,Một mảnh đất hình chữ nhật có chiều dài hơn chiều rộng 10m. Nếu tăng chiều rộng thêm 5m và giảm chiều dài đi 8m thì diện tích mảnh đất giảm đi 50m². Tính chu vi của mảnh đất ban đầu.,"Toán giải bằng cách lập phương trình.  **Lời giải:**  - **Bước 1: Gọi ẩn và đặt điều kiện.**   Gọi chiều rộng ban đầu của mảnh đất là \(x\) (m).   Điều kiện: \(x > 0\).   Vì chiều dài hơn chiều rộng 10m, nên chiều dài ban đầu là: \(x + 10\) (m).  - **Bước 2: Biểu diễn các đại lượng.**   Diện tích ban đầu (\(A_1\)) là: \(A_1 = x(x+10)\) (m²).   Chiều rộng lúc sau (khi tăng 5m) là: \(x + 5\) (m).   Chiều dài lúc sau (khi giảm 8m) là: \((x+10) - 8 = x + 2\) (m).   Diện tích lúc sau (\(A_2\)) là: \(A_2 = (x+5)(x+2)\) (m²).  - **Bước 3: Lập phương trình.**   Theo đề bài, diện tích lúc sau giảm đi 50m² so với diện tích ban đầu, nên ta có phương trình:   \(A_1 - A_2 = 50\)   \(\Leftrightarrow x(x+10) - (x+5)(x+2) = 50\)  - **Bước 4: Giải phương trình.**   \(x(x+10) - (x+5)(x+2) = 50\)   \(\Leftrightarrow (x^2 + 10x) - (x^2 + 2x + 5x + 10) = 50\)   \(\Leftrightarrow (x^2 + 10x) - (x^2 + 7x + 10) = 50\)   \(\Leftrightarrow x^2 + 10x - x^2 - 7x - 10 = 50\)   \(\Leftrightarrow 3x - 10 = 50\)   \(\Leftrightarrow 3x = 60\)   \(\Leftrightarrow x = 20\)  - **Bước 5: Kiểm tra điều kiện và kết luận.**   Giá trị \(x = 20\) thỏa mãn điều kiện \(x > 0\).   Vậy, chiều rộng ban đầu của mảnh đất là 20 m.   Chiều dài ban đầu của mảnh đất là: \(20 + 10 = 30\) m.   Chu vi của mảnh đất ban đầu là: \(P = 2 \times (\text{chiều dài} + \text{chiều rộng}) = 2 \times (30 + 20) = 100\) (m).  **Đáp số:** 100 m.",Vận dụng
LO-00003,"Một ca nô đi xuôi dòng một khúc sông từ A đến B hết 4 giờ và đi ngược dòng từ B về A hết 6 giờ. Tính vận tốc thực của ca nô, biết vận tốc dòng nước là 3 km/h.","Đây là bài toán chuyển động trên dòng nước. Quãng đường xuôi và ngược là như nhau.  **Lời giải:** - Bước 1: Gọi ẩn và đặt điều kiện.   Gọi vận tốc thực của ca nô là \(v\) (km/h, \(v > 3\)). - Bước 2: Biểu diễn các đại lượng.   + Vận tốc xuôi dòng: \(v + 3\) (km/h)   + Vận tốc ngược dòng: \(v - 3\) (km/h)   + Quãng đường AB khi xuôi dòng: \(4(v+3)\) (km)   + Quãng đường AB khi ngược dòng: \(6(v-3)\) (km) - Bước 3: Lập phương trình.   Vì quãng đường AB không đổi, ta có:   \(4(v+3) = 6(v-3)\) - Bước 4: Giải phương trình.   \(4v + 12 = 6v - 18\)   \(\Leftrightarrow 2v = 30\)   \(\Leftrightarrow v = 15\) - Bước 5: Đối chiếu và kết luận.   Giá trị \(v=15\) thỏa mãn điều kiện \(v>3\).   Vậy vận tốc thực của ca nô là 15 km/h.",Vận dụng
LO-00003,Một dung dịch chứa 40% muối. Nếu đổ thêm 200g nước vào dung dịch thì được một dung dịch mới có nồng độ 20%. Tính khối lượng của dung dịch ban đầu.,"Đây là bài toán về nồng độ dung dịch. Đại lượng không đổi trong quá trình pha loãng là khối lượng muối nguyên chất.  **Lời giải:** - Bước 1: Gọi ẩn và đặt điều kiện.   Gọi khối lượng dung dịch ban đầu là \(x\) (g, \(x > 0\)). - Bước 2: Biểu diễn các đại lượng.   + Khối lượng muối có trong dung dịch ban đầu: \(0.4x\) (g)   + Khối lượng dung dịch lúc sau (sau khi thêm nước): \(x + 200\) (g)   + Khối lượng muối có trong dung dịch lúc sau: \(0.2(x + 200)\) (g) - Bước 3: Lập phương trình.   Vì chỉ thêm nước nên khối lượng muối không đổi:   \(0.4x = 0.2(x + 200)\) - Bước 4: Giải phương trình.   \(0.4x = 0.2x + 40\)   \(\Leftrightarrow 0.2x = 40\)   \(\Leftrightarrow x = \frac{40}{0.2} = 200\) - Bước 5: Đối chiếu và kết luận.   Giá trị \(x=200\) thỏa mãn điều kiện.    Vậy khối lượng dung dịch ban đầu là 200g.",Vận dụng cao
LO-00003,"Hai đội công nhân cùng sửa một đoạn đường thì sau 24 ngày sẽ xong. Mỗi ngày, phần việc đội A làm được nhiều gấp rưỡi đội B. Hỏi nếu làm một mình thì mỗi đội sẽ sửa xong đoạn đường đó trong bao lâu?","Đây là bài toán làm chung - làm riêng kết hợp với mối quan hệ về năng suất.  **Lời giải:** - Bước 1: Gọi ẩn và đặt điều kiện.   Gọi thời gian đội B làm một mình xong việc là \(x\) (ngày, \(x > 24\)). - Bước 2: Biểu diễn các đại lượng.   + Trong 1 ngày, đội B làm được: \(\frac{1}{x}\) (công việc)   + Vì năng suất đội A gấp rưỡi (1.5 lần) đội B, nên trong 1 ngày, đội A làm được: \(1.5 \cdot \frac{1}{x} = \frac{3}{2x}\) (công việc)   + Trong 1 ngày, cả hai đội làm được: \(\frac{1}{24}\) (công việc) - Bước 3: Lập phương trình.   Tổng năng suất của hai đội bằng năng suất chung:   \(\frac{1}{x} + \frac{3}{2x} = \frac{1}{24}\) - Bước 4: Giải phương trình.   \(\frac{2}{2x} + \frac{3}{2x} = \frac{1}{24}\)   \(\Leftrightarrow \frac{5}{2x} = \frac{1}{24}\)   \(\Leftrightarrow 2x = 5 \cdot 24 = 120\)   \(\Leftrightarrow x = 60\) - Bước 5: Đối chiếu và kết luận.   Giá trị \(x=60\) thỏa mãn điều kiện. Vậy đội B làm một mình xong trong 60 ngày.   Thời gian đội A làm một mình xong việc là \(x / 1.5 = 60 / 1.5 = 40\) ngày.    **Đáp số:** Đội A: 40 ngày; Đội B: 60 ngày.",Vận dụng cao
LO-00004,Phương trình nào sau đây là phương trình bậc nhất hai ẩn? A. \(3x^2 + y = 5\) B. \(2x - 5y = 1\) C. \(0x + 0y = 0\) D. \(x + y + z = 10\),"Phương trình bậc nhất hai ẩn có dạng tổng quát là \(ax + by = c\), trong đó \(a, b, c\) là các số đã biết, với điều kiện \(a\) và \(b\) không đồng thời bằng 0.  **Lời giải:** - Phương án A sai vì có chứa \(x^2\) (bậc hai). - Phương án B có dạng \(ax + by = c\) với \(a=2, b=-5, c=1\) (thỏa mãn). - Phương án C sai vì \(a=0\) và \(b=0\). - Phương án D sai vì là phương trình bậc nhất ba ẩn.  **Đáp án đúng là B.**",Nhận biết
LO-00004,Cặp số \((2; -1)\) có phải là một nghiệm của phương trình \(3x + 2y = 4\) không?,"Để kiểm tra một cặp số có phải là nghiệm của phương trình hay không, ta thay các giá trị của cặp số đó vào hai vế của phương trình và so sánh kết quả.  **Lời giải:** - Bước 1: Thay \(x = 2\) và \(y = -1\) vào vế trái của phương trình: \(3x + 2y\). - Bước 2: Tính giá trị: \(3(2) + 2(-1) = 6 - 2 = 4\). - Bước 3: So sánh kết quả với vế phải. Ta thấy vế trái (4) bằng vế phải (4).  Vậy cặp số \((2; -1)\) là một nghiệm của phương trình.",Nhận biết
LO-00004,"Trong phương trình \(x - 7y = 12\), hãy xác định các hệ số \(a, b, c\).","Phương trình bậc nhất hai ẩn có dạng tổng quát là \(ax + by = c\). Ta cần đối chiếu phương trình đã cho với dạng tổng quát.  **Lời giải:** - Phương trình đã cho: \(x - 7y = 12\) có thể viết lại là \(1 \cdot x + (-7) \cdot y = 12\). - So sánh với dạng \(ax + by = c\), ta có:   + Hệ số của \(x\) là \(a = 1\).   + Hệ số của \(y\) là \(b = -7\).   + Hằng số tự do là \(c = 12\).",Nhận biết
LO-00004,Phương trình \(y = 5x - 3\) có phải là phương trình bậc nhất hai ẩn không? Vì sao?,"Ta cần kiểm tra xem phương trình đã cho có thể đưa về dạng \(ax + by = c\) hay không.  **Lời giải:** - Bước 1: Chuyển các hạng tử chứa ẩn về một vế và hằng số về vế còn lại.   \(y = 5x - 3 \Leftrightarrow 5x - y = 3\). - Bước 2: So sánh với dạng tổng quát.   Phương trình \(5x - y = 3\) có dạng \(ax + by = c\) với \(a=5, b=-1, c=3\). Các hệ số \(a, b\) không đồng thời bằng 0.  Vậy \(y = 5x - 3\) là một phương trình bậc nhất hai ẩn.",Thông hiểu
LO-00004,Cặp số nào sau đây là một nghiệm của phương trình \(x - 2y = 5\)? A. \((1; -2)\) B. \((2; 1)\) C. \((5; 0)\) D. \((0; 5)\),"Ta lần lượt thay tọa độ của từng cặp số vào phương trình để kiểm tra.  **Lời giải:** - A. Với \((1; -2)\): \(1 - 2(-2) = 1 + 4 = 5\). (Đúng) - B. Với \((2; 1)\): \(2 - 2(1) = 2 - 2 = 0 \ne 5\). (Sai) - C. Với \((5; 0)\): \(5 - 2(0) = 5\). (Đúng) - D. Với \((0; 5)\): \(0 - 2(5) = -10 \ne 5\). (Sai)  *Lưu ý: Câu hỏi có thể có nhiều đáp án đúng. Trong trường hợp này, cả A và C đều là nghiệm.*  **Nếu chọn một đáp án, ta chọn A.**",Thông hiểu
LO-00004,Tìm \(y_0\) để cặp số \((-3; y_0)\) là một nghiệm của phương trình \(2x - 3y = 9\).,"Vì \((-3; y_0)\) là một nghiệm của phương trình nên khi thay \(x = -3\) và \(y = y_0\) vào phương trình, ta phải được một đẳng thức đúng.  **Lời giải:** - Bước 1: Thay \(x = -3\) và \(y = y_0\) vào phương trình:   \(2(-3) - 3y_0 = 9\) - Bước 2: Giải phương trình tìm \(y_0\).   \(-6 - 3y_0 = 9\)   \(\Leftrightarrow -3y_0 = 15\)   \(\Leftrightarrow y_0 = -5\)  Vậy \(y_0 = -5\).",Thông hiểu
LO-00004,Viết một phương trình bậc nhất hai ẩn có nghiệm là cặp số \((1; 1)\).,"Ta có thể chọn các hệ số \(a, b\) bất kỳ (không đồng thời bằng 0), sau đó tính \(c\) bằng cách thay \(x=1, y=1\) vào.  **Lời giải:** - Bước 1: Chọn \(a=2, b=3\). - Bước 2: Thay \(x=1, y=1\) vào biểu thức \(ax+by\) để tìm \(c\).   \(c = 2(1) + 3(1) = 5\). - Bước 3: Viết phương trình.   Phương trình cần tìm là \(2x + 3y = 5\).  *Lưu ý: Có vô số phương trình thỏa mãn yêu cầu. Ví dụ khác: \(x-y=0\), \(4x+y=5\),...*",Thông hiểu
LO-00004,Phương trình \(mx + 2y = 5\) nhận cặp số \((1; -2)\) làm nghiệm. Tìm giá trị của tham số \(m\).,"Vì phương trình nhận cặp số đã cho làm nghiệm, ta thay giá trị của \(x\) và \(y\) vào phương trình để tìm \(m\).  **Lời giải:** - Bước 1: Thay \(x = 1\) và \(y = -2\) vào phương trình \(mx + 2y = 5\).   \(m(1) + 2(-2) = 5\) - Bước 2: Giải phương trình tìm \(m\).   \(m - 4 = 5\)   \(\Leftrightarrow m = 9\)  Vậy giá trị của tham số \(m\) là 9.",Vận dụng
LO-00004,"An mua \(x\) quyển vở giá 7 nghìn đồng/quyển và \(y\) chiếc bút giá 4 nghìn đồng/chiếc. Tổng số tiền An phải trả là 53 nghìn đồng.  a) Lập phương trình bậc nhất hai ẩn \(x, y\) biểu thị mối quan hệ trên. b) Nếu An mua 3 quyển vở thì An đã mua bao nhiêu chiếc bút?","Đây là bài toán ứng dụng thực tế của phương trình bậc nhất hai ẩn.  **Lời giải:** a) Lập phương trình: - Số tiền mua vở: \(7x\) (nghìn đồng) - Số tiền mua bút: \(4y\) (nghìn đồng) - Tổng số tiền là 53 nghìn đồng, vậy phương trình là: \(7x + 4y = 53\).  b) Tìm số bút: - Nếu An mua 3 quyển vở, tức là \(x=3\). - Thay \(x=3\) vào phương trình: \(7(3) + 4y = 53\). - Giải tìm \(y\): \(21 + 4y = 53 \Leftrightarrow 4y = 32 \Leftrightarrow y = 8\).  Vậy nếu An mua 3 quyển vở thì An đã mua 8 chiếc bút.",Vận dụng
LO-00004,Cho phương trình \((m-1)x + y = 2m\). Tìm \(m\) để phương trình có nghiệm \((x; y)\) sao cho \(x=y\).,"Để phương trình có nghiệm \(x=y\), ta có thể thay \(y\) bằng \(x\) vào phương trình ban đầu để được một phương trình một ẩn theo \(x\).  **Lời giải:** - Bước 1: Thay \(y=x\) vào phương trình đã cho:   \((m-1)x + x = 2m\) - Bước 2: Rút \(x\) ra làm nhân tử chung.   \(x(m-1+1) = 2m\)   \(\Leftrightarrow mx = 2m\) - Bước 3: Biện luận.   + Nếu \(m \ne 0\), phương trình có nghiệm duy nhất \(x = \frac{2m}{m} = 2\). Khi đó \(y=x=2\). Cặp nghiệm là \((2;2)\).   + Nếu \(m = 0\), phương trình trở thành \(0x = 0\), có vô số nghiệm \(x\). Do đó có vô số cặp nghiệm \((x;x)\).  *Kết luận tùy theo yêu cầu câu hỏi. Nếu hỏi 'tìm m để có nghiệm thỏa mãn', thì mọi giá trị của m đều thỏa mãn.*",Vận dụng cao
LO-00005,"Tập nghiệm của phương trình bậc nhất hai ẩn \(ax + by = c\) (với \(a, b\) không đồng thời bằng 0) được biểu diễn hình học bởi một đối tượng nào?","Theo định nghĩa trong sách giáo khoa, mỗi nghiệm \((x; y)\) của phương trình bậc nhất hai ẩn là tọa độ của một điểm trên mặt phẳng tọa độ. Tập hợp tất cả các điểm như vậy tạo thành một đường thẳng.  **Lời giải:** - Bước 1: Nhớ lại định nghĩa về biểu diễn hình học tập nghiệm của phương trình bậc nhất hai ẩn. - Bước 2: Kết luận rằng tập hợp các nghiệm này tạo thành một đường thẳng, được gọi là đường thẳng \(ax + by = c\).  **Đáp án:** Một đường thẳng.",Nhận biết
LO-00005,"Để vẽ đường thẳng biểu diễn tập nghiệm của phương trình \(2x - y = 4\), ta cần xác định tối thiểu bao nhiêu điểm thuộc đường thẳng đó?","Theo tiên đề Euclid, qua hai điểm phân biệt, ta vẽ được một và chỉ một đường thẳng.  **Lời giải:** - Bước 1: Nhận biết rằng tập nghiệm của phương trình là một đường thẳng. - Bước 2: Áp dụng kiến thức hình học phẳng cơ bản, để vẽ một đường thẳng, ta cần xác định được vị trí của ít nhất hai điểm phân biệt thuộc đường thẳng đó.  **Đáp án:** Tối thiểu 2 điểm.",Nhận biết
LO-00005,Tìm tọa độ giao điểm của đường thẳng \(d: 3x + 4y = 12\) với trục tung (Oy).,Một điểm nằm trên trục tung (Oy) có hoành độ \(x=0\).  **Lời giải:** - Bước 1: Cho \(x=0\) vào phương trình đường thẳng \(d\).   \(3(0) + 4y = 12\) - Bước 2: Giải phương trình tìm \(y\).   \(4y = 12 \Leftrightarrow y = 3\)  Vậy giao điểm của đường thẳng \(d\) với trục tung là điểm có tọa độ \((0; 3)\).,Thông hiểu
LO-00005,Hãy mô tả đặc điểm của đường thẳng biểu diễn tập nghiệm của phương trình \(0x + 5y = -10\).,Ta cần rút gọn phương trình để nhận dạng đường thẳng.  **Lời giải:** - Bước 1: Rút gọn phương trình.   \(0x + 5y = -10 \Leftrightarrow 5y = -10 \Leftrightarrow y = -2\). - Bước 2: Mô tả đường thẳng.   Đường thẳng \(y = -2\) là đường thẳng đi qua điểm có tung độ -2 trên trục Oy và song song với trục hoành Ox.  **Đáp án:** Là một đường thẳng song song với trục Ox và cắt trục Oy tại điểm có tung độ -2.,Thông hiểu
LO-00005,Điểm \(M(-2; 1)\) có thuộc đường thẳng biểu diễn tập nghiệm của phương trình \(3x - y = 7\) không? Vì sao?,"Để kiểm tra, ta thay tọa độ của điểm M vào phương trình. Nếu được một đẳng thức đúng thì điểm M thuộc đường thẳng, ngược lại thì không.  **Lời giải:** - Bước 1: Thay \(x = -2\) và \(y = 1\) vào vế trái của phương trình:   \(3(-2) - 1 = -6 - 1 = -7\). - Bước 2: So sánh kết quả với vế phải.   Vế trái bằng -7, vế phải bằng 7. Vì \(-7 \ne 7\), nên đẳng thức sai.  Vậy điểm \(M(-2; 1)\) không thuộc đường thẳng đã cho.",Thông hiểu
LO-00005,Tìm giá trị của tham số \(m\) để đường thẳng biểu diễn tập nghiệm của phương trình \(2x - my = 4\) đi qua điểm \(A(3; 1)\).,"Vì đường thẳng đi qua điểm A nên tọa độ của A phải thỏa mãn phương trình của đường thẳng.  **Lời giải:** - Bước 1: Thay tọa độ điểm \(A(3; 1)\), tức là \(x=3\) và \(y=1\), vào phương trình:   \(2(3) - m(1) = 4\) - Bước 2: Giải phương trình tìm \(m\).   \(6 - m = 4\)   \(\Leftrightarrow m = 6 - 4\)   \(\Leftrightarrow m = 2\)  Vậy giá trị cần tìm là \(m=2\).",Vận dụng
LO-00005,"Tính diện tích của tam giác được tạo bởi đường thẳng \(d: x + 2y = 6\) và hai trục tọa độ Ox, Oy.",Tam giác tạo bởi đường thẳng và hai trục tọa độ là một tam giác vuông tại gốc tọa độ O. Hai cạnh góc vuông chính là khoảng cách từ O đến các giao điểm của đường thẳng với hai trục.  **Lời giải:** - Bước 1: Tìm giao điểm A của \(d\) với trục Ox (cho \(y=0\)).   \(x + 2(0) = 6 \Leftrightarrow x = 6\). Vậy \(A(6; 0)\). Độ dài đoạn OA là 6. - Bước 2: Tìm giao điểm B của \(d\) với trục Oy (cho \(x=0\)).   \(0 + 2y = 6 \Leftrightarrow y = 3\). Vậy \(B(0; 3)\). Độ dài đoạn OB là 3. - Bước 3: Tính diện tích tam giác vuông OAB.   \(S_{OAB} = \frac{1}{2} OA \cdot OB = \frac{1}{2} \cdot 6 \cdot 3 = 9\) (đơn vị diện tích).  Vậy diện tích tam giác cần tìm là 9.,Vận dụng
LO-00005,Cho đường thẳng \(d: (m-2)x + my = 4\). Tìm \(m\) để đường thẳng \(d\) song song với trục hoành.,"Một đường thẳng song song với trục hoành (Ox) có dạng \(y = k\) với \(k \ne 0\). Phương trình tổng quát của nó là \(0x + by = c\) với \(b \ne 0, c \ne 0\).  **Lời giải:** - Bước 1: Để phương trình \((m-2)x + my = 4\) biểu diễn một đường thẳng song song với Ox, hệ số của \(x\) phải bằng 0 và hệ số của \(y\) phải khác 0.   \(\begin{cases} m-2 = 0 \\ m \ne 0 \end{cases}\) - Bước 2: Giải hệ điều kiện.   \(m-2 = 0 \Leftrightarrow m = 2\).   Giá trị \(m=2\) thỏa mãn điều kiện \(m \ne 0\). - Bước 3: Kiểm tra lại.   Với \(m=2\), phương trình trở thành \(0x + 2y = 4 \Leftrightarrow y=2\). Đây là đường thẳng song song với Ox.  Vậy giá trị cần tìm là \(m=2\).",Vận dụng
LO-00005,Tìm điểm cố định mà họ đường thẳng \(d_m: (m-1)x + (2-m)y = 3\) luôn đi qua với mọi giá trị của \(m\).,"Để tìm điểm cố định, ta cần biến đổi phương trình về dạng \(m \cdot A + B = 0\). Để đẳng thức này đúng với mọi \(m\), ta phải có \(A=0\) và \(B=0\).  **Lời giải:** - Bước 1: Biến đổi phương trình, nhóm các hạng tử chứa \(m\).   \((m-1)x + (2-m)y = 3\)   \(\Leftrightarrow mx - x + 2y - my = 3\)   \(\Leftrightarrow m(x - y) + (-x + 2y - 3) = 0\) - Bước 2: Lập luận.   Để phương trình này đúng với mọi \(m\), các biểu thức trong ngoặc phải đồng thời bằng 0.   \(\begin{cases} x - y = 0 \\ -x + 2y - 3 = 0 \end{cases}\) - Bước 3: Giải hệ phương trình.   Từ \(x-y=0 \Rightarrow x=y\).   Thế vào phương trình thứ hai: \(-x + 2x - 3 = 0 \Leftrightarrow x - 3 = 0 \Leftrightarrow x = 3\).   Vì \(x=y\), nên \(y=3\).  Vậy điểm cố định mà họ đường thẳng luôn đi qua là \(M(3; 3)\).",Vận dụng cao
LO-00005,"Tìm các giá trị nguyên của \(m\) để đường thẳng \(d: 2x + y = m\) cắt hai trục tọa độ tại hai điểm A, B sao cho độ dài đoạn AB bằng \(2\sqrt{5}\).","Ta sẽ tìm tọa độ các giao điểm A, B theo \(m\), sau đó sử dụng định lý Pitago để tính độ dài AB và giải phương trình tìm \(m\).  **Lời giải:** - Bước 1: Tìm tọa độ giao điểm.   + Giao với Ox (cho \(y=0\)): \(2x = m \Rightarrow x = m/2\). Vậy \(A(m/2; 0)\). \(\Rightarrow OA = |m/2|\).   + Giao với Oy (cho \(x=0\)): \(y = m\). Vậy \(B(0; m)\). \(\Rightarrow OB = |m|\).   (Điều kiện để cắt tại 2 điểm phân biệt là \(m \ne 0\)). - Bước 2: Áp dụng định lý Pitago trong tam giác vuông OAB.   \(AB^2 = OA^2 + OB^2\)   \(\Leftrightarrow (2\sqrt{5})^2 = (\frac{m}{2})^2 + m^2\) - Bước 3: Giải phương trình tìm \(m\).   \(20 = \frac{m^2}{4} + m^2\)   \(\Leftrightarrow 20 = \frac{5m^2}{4}\)   \(\Leftrightarrow m^2 = 20 \cdot \frac{4}{5} = 16\)   \(\Leftrightarrow m = 4\) hoặc \(m = -4\). - Bước 4: Kết luận.   Cả hai giá trị \(m=4\) và \(m=-4\) đều là số nguyên.  Vậy các giá trị nguyên của \(m\) cần tìm là \(4\) và \(-4\).",Vận dụng cao
LO-00006,Một cặp số \((x_0; y_0)\) được gọi là một nghiệm của hệ phương trình \(\begin{cases} ax + by = c \\ a'x + b'y = c' \end{cases}\) khi nào?,"Theo định nghĩa, một cặp số là nghiệm của một hệ phương trình khi nó thỏa mãn (là nghiệm đúng) của tất cả các phương trình trong hệ.  **Lời giải:** Một cặp số \((x_0; y_0)\) được gọi là một nghiệm của hệ phương trình khi thay \(x = x_0\) và \(y = y_0\) vào cả hai phương trình của hệ, ta đều được các đẳng thức đúng. Nghĩa là: \(\begin{cases} ax_0 + by_0 = c \\ a'x_0 + b'y_0 = c' \end{cases}\)",Nhận biết
LO-00006,Cặp số \((2; 1)\) có phải là nghiệm của hệ phương trình \(\begin{cases} x + y = 3 \\ 2x - y = 3 \end{cases}\) không?,"Ta cần thay cặp số \((2; 1)\) vào từng phương trình của hệ để kiểm tra.  **Lời giải:** - Thay \(x=2, y=1\) vào phương trình thứ nhất: \(2 + 1 = 3\). (Đúng) - Thay \(x=2, y=1\) vào phương trình thứ hai: \(2(2) - 1 = 4 - 1 = 3\). (Đúng)  Vì cặp số \((2; 1)\) thỏa mãn cả hai phương trình nên nó là một nghiệm của hệ.",Nhận biết
LO-00006,Điền vào chỗ trống: Một cặp số là nghiệm của một hệ phương trình nếu nó là nghiệm của ... các phương trình trong hệ.,"Một cặp số là nghiệm của một hệ phương trình nếu nó là nghiệm của **tất cả** các phương trình trong hệ.  **Lời giải:** Theo định nghĩa, nghiệm của hệ phương trình phải thỏa mãn đồng thời tất cả các phương trình. Do đó, từ cần điền là ""tất cả"" hoặc ""cả hai"".",Thông hiểu
LO-00006,Cho hệ phương trình \(\begin{cases} x - 3y = 2 \\ 2x + y = 11 \end{cases}\). Biết cặp số \((5; y_0)\) là một nghiệm của hệ. Tìm \(y_0\).,"Vì \((5; y_0)\) là nghiệm của hệ, nó phải thỏa mãn cả hai phương trình. Ta có thể thay \(x=5\) vào một trong hai phương trình để tìm \(y_0\) và kiểm tra lại bằng phương trình còn lại.  **Lời giải:** - Thay \(x=5\) vào phương trình thứ hai: \(2(5) + y_0 = 11 \Leftrightarrow 10 + y_0 = 11 \Leftrightarrow y_0 = 1\). - Kiểm tra lại với phương trình thứ nhất: Thay \(x=5, y=1\) vào \(x - 3y\), ta được \(5 - 3(1) = 2\). (Đúng)  Vậy \(y_0 = 1\).",Thông hiểu
LO-00006,Bạn An kiểm tra xem cặp số \((3; -1)\) có phải là nghiệm của hệ \(\begin{cases} 2x + y = 5 \\ x - 2y = 4 \end{cases}\) và kết luận là 'Phải'. Bạn An đã làm đúng chưa? Vì sao?,"Ta cần kiểm tra lại kết luận của bạn An bằng cách thay cặp số vào cả hai phương trình.  **Lời giải:** - Kiểm tra phương trình thứ nhất: Thay \(x=3, y=-1\) vào \(2x+y\), ta được \(2(3) + (-1) = 6 - 1 = 5\). (Đúng) - Kiểm tra phương trình thứ hai: Thay \(x=3, y=-1\) vào \(x-2y\), ta được \(3 - 2(-1) = 3 + 2 = 5\). (Sai, vì vế phải là 4)  Vì cặp số \((3; -1)\) không thỏa mãn phương trình thứ hai, nên nó không phải là nghiệm của hệ. Bạn An đã kết luận sai.",Thông hiểu
LO-00006,Tìm các giá trị của \(a\) và \(b\) để hệ phương trình \(\begin{cases} ax + 2y = 4 \\ x - by = 3 \end{cases}\) có nghiệm là \((2; 1)\).,"Vì \((2; 1)\) là nghiệm của hệ, tọa độ của nó phải thỏa mãn cả hai phương trình. Ta thay \(x=2, y=1\) vào hệ để tạo ra một hệ phương trình mới với hai ẩn là \(a\) và \(b\).  **Lời giải:** - Thay \(x=2, y=1\) vào phương trình thứ nhất:   \(a(2) + 2(1) = 4 \Leftrightarrow 2a + 2 = 4 \Leftrightarrow 2a = 2 \Leftrightarrow a = 1\). - Thay \(x=2, y=1\) vào phương trình thứ hai:   \(2 - b(1) = 3 \Leftrightarrow 2 - b = 3 \Leftrightarrow b = -1\).  Vậy \(a=1\) và \(b=-1\).",Vận dụng
LO-00006,Sắp xếp các bước để kiểm tra xem cặp số \((x_0; y_0)\) có phải là nghiệm của hệ phương trình \(\begin{cases} ax + by = c \\ a'x + b'y = c' \end{cases}\) hay không.,"Đây là quy trình chuẩn để xác định một cặp số có phải là nghiệm của hệ phương trình hay không.  **Lời giải:** Thứ tự đúng của các bước là: 1. Thay \(x = x_0\) và \(y = y_0\) vào vế trái của phương trình thứ nhất. 2. So sánh kết quả với vế phải \(c\). Nếu không bằng, kết luận ngay cặp số không phải là nghiệm. 3. Nếu bằng, tiếp tục thay \(x = x_0\) và \(y = y_0\) vào vế trái của phương trình thứ hai. 4. So sánh kết quả với vế phải \(c'\). Nếu bằng, kết luận cặp số là nghiệm. Nếu không bằng, kết luận cặp số không phải là nghiệm.",Vận dụng
LO-00006,"Để kiểm tra xem cặp số \((1; 4)\) có phải là nghiệm của hệ \(\begin{cases} 3x - y = -1 \\ x + y = 5 \end{cases}\) hay không, ta đã thay \(x=1, y=4\) vào phương trình đầu tiên và thấy \(3(1) - 4 = -1\) (đúng). Bước tiếp theo cần làm là gì?","Sau khi kiểm tra và thấy một phương trình được thỏa mãn, ta bắt buộc phải kiểm tra tiếp phương trình còn lại.  **Lời giải:** Bước tiếp theo là thay \(x=1\) và \(y=4\) vào phương trình thứ hai (\(x+y=5\)) để kiểm tra xem nó có được thỏa mãn hay không. Ta có: \(1 + 4 = 5\) (đúng). Vì cặp số thỏa mãn cả hai phương trình, ta có thể kết luận nó là nghiệm của hệ.",Vận dụng
LO-00006,"Biết hệ phương trình \(\begin{cases} 2x + 3y = 13 \\ 4x - y = 5 \end{cases}\) có nghiệm duy nhất là \((x_0; y_0)\). Không cần giải hệ, hãy tính giá trị của biểu thức \(A = 6x_0 + 2y_0\).","Câu hỏi này kiểm tra sự hiểu biết sâu sắc về ý nghĩa của nghiệm. Ta có thể tạo ra biểu thức \(6x_0 + 2y_0\) bằng cách thực hiện các phép toán trên hai phương trình của hệ.  **Lời giải:** - Vì \((x_0; y_0)\) là nghiệm của hệ, nên ta có:   \(2x_0 + 3y_0 = 13\) (1)   \(4x_0 - y_0 = 5\) (2) - Nhận thấy \(6x_0 + 2y_0 = (2x_0 + 3y_0) + (4x_0 - y_0)\). - Cộng vế theo vế của (1) và (2), ta được:   \((2x_0 + 4x_0) + (3y_0 - y_0) = 13 + 5\)   \(\Leftrightarrow 6x_0 + 2y_0 = 18\)  Vậy giá trị của biểu thức \(A\) là 18.",Vận dụng cao
LO-00006,Tìm \(m\) để hệ phương trình \(\begin{cases} mx + y = 3 \\ 2x - y = m \end{cases}\) có nghiệm \((x; y)\) sao cho \(x=1\).,"Nếu hệ có nghiệm với \(x=1\), ta có thể thay \(x=1\) vào cả hai phương trình để tìm \(y\) và \(m\).  **Lời giải:** - Bước 1: Thay \(x=1\) vào hệ phương trình, ta được:   \(\begin{cases} m(1) + y = 3 \\ 2(1) - y = m \end{cases} \Leftrightarrow \begin{cases} m + y = 3 \\ 2 - y = m \end{cases}\) - Bước 2: Giải hệ phương trình hai ẩn \(m, y\).   Từ phương trình thứ nhất, rút ra \(y = 3 - m\).   Thế vào phương trình thứ hai:   \(2 - (3 - m) = m\)   \(\Leftrightarrow 2 - 3 + m = m\)   \(\Leftrightarrow -1 + m = m\)   \(\Leftrightarrow -1 = 0\) (Vô lý).  Điều này có nghĩa là không tồn tại giá trị nào của \(m\) để hệ có nghiệm với \(x=1\).  Vậy không có giá trị \(m\) nào thỏa mãn yêu cầu.",Vận dụng cao
LO-00007,"Trong phương pháp thế để giải hệ phương trình \(\begin{cases} x + 2y = 5 \\ 3x - y = 1 \end{cases}\), bước đầu tiên là biểu diễn một ẩn theo ẩn còn lại. Nếu rút \(x\) từ phương trình thứ nhất, ta được biểu thức nào?",Phương pháp thế yêu cầu ta biểu diễn một ẩn từ một phương trình theo ẩn còn lại.  **Lời giải:** - Bước 1: Xét phương trình thứ nhất: \(x + 2y = 5\). - Bước 2: Chuyển vế để biểu diễn \(x\) theo \(y\).   \(x = 5 - 2y\)  **Đáp án:** Ta được biểu thức \(x = 5 - 2y\).,Nhận biết
LO-00007,Cho hệ phương trình \(\begin{cases} y = 2x - 1 \\ x + y = 5 \end{cases}\). Hãy thực hiện phép thế để có được một phương trình mới chỉ chứa ẩn \(x\).,Phương pháp thế là thay thế biểu thức của một ẩn từ phương trình này vào phương trình kia.  **Lời giải:** - Bước 1: Nhận thấy phương trình thứ nhất đã cho sẵn \(y = 2x - 1\). - Bước 2: Thế biểu thức \((2x - 1)\) vào vị trí của \(y\) trong phương trình thứ hai.   \(x + (2x - 1) = 5\) - Bước 3: Rút gọn phương trình mới.   \(3x - 1 = 5\)  **Đáp án:** Phương trình mới chỉ chứa ẩn \(x\) là \(3x - 1 = 5\).,Nhận biết
LO-00007,"Sử dụng phương pháp thế, hãy tìm nghiệm của hệ phương trình: \(\begin{cases} x = y + 3 \\ 2x - 3y = 4 \end{cases}\).",Ta sẽ thế biểu thức của \(x\) từ phương trình thứ nhất vào phương trình thứ hai.  **Lời giải:** - Bước 1: Thế \(x = y + 3\) vào phương trình thứ hai:   \(2(y + 3) - 3y = 4\) - Bước 2: Giải phương trình tìm \(y\).   \(2y + 6 - 3y = 4\)   \(\Leftrightarrow -y = -2\)   \(\Leftrightarrow y = 2\) - Bước 3: Thay \(y = 2\) vào biểu thức \(x = y + 3\) để tìm \(x\).   \(x = 2 + 3 = 5\)  Vậy nghiệm của hệ phương trình là \((x; y) = (5; 2)\).,Thông hiểu
LO-00007,Cho hệ phương trình \(\begin{cases} 2x + y = 5 \\ 3x - 2y = 4 \end{cases}\). Một học sinh giải bằng phương pháp thế như sau: Bước 1: Từ (1) rút ra \(y = 5 - 2x\). Bước 2: Thế vào (2) được \(3x - 2(5 - 2x) = 4\). Bước 3: Giải phương trình: \(3x - 10 - 4x = 4 \Leftrightarrow -x = 14 \Leftrightarrow x = -14\). Lời giải trên sai ở bước nào?,"Ta cần kiểm tra lại các phép biến đổi đại số trong từng bước.  **Lời giải:** - Bước 1: Rút \(y = 5 - 2x\) từ phương trình (1) là đúng. - Bước 2: Thế \(y = 5 - 2x\) vào phương trình (2) được \(3x - 2(5 - 2x) = 4\) là đúng. - Bước 3: Khai triển dấu ngoặc: \(-2(5 - 2x) = -10 + 4x\). Do đó, phương trình phải là \(3x - 10 + 4x = 4\). Học sinh đã viết thành \(3x - 10 - 4x = 4\), sai dấu của \(4x\).  Vậy lời giải sai ở Bước 3.",Thông hiểu
LO-00007,Giải hệ phương trình sau bằng phương pháp thế: \(\begin{cases} x - 4y = 7 \\ 2x - 5y = 8 \end{cases}\).,"Ta nên rút \(x\) từ phương trình thứ nhất vì hệ số của nó là 1, sẽ không tạo ra phân số.  **Lời giải:** - Bước 1: Từ phương trình thứ nhất, ta rút ra \(x = 7 + 4y\). - Bước 2: Thế biểu thức của \(x\) vào phương trình thứ hai:   \(2(7 + 4y) - 5y = 8\) - Bước 3: Giải phương trình tìm \(y\).   \(14 + 8y - 5y = 8\)   \(\Leftrightarrow 3y = -6\)   \(\Leftrightarrow y = -2\) - Bước 4: Thay \(y = -2\) vào biểu thức \(x = 7 + 4y\) để tìm \(x\).   \(x = 7 + 4(-2) = 7 - 8 = -1\)  Vậy nghiệm của hệ phương trình là \((x; y) = (-1; -2)\).",Thông hiểu
LO-00007,Giải hệ phương trình bằng phương pháp thế: \(\begin{cases} 2x + 3y = 7 \\ 3x + 2y = 8 \end{cases}\).,"Trong trường hợp này, rút ẩn nào cũng sẽ dẫn đến biểu thức có chứa phân số. Ta cần thực hiện cẩn thận.  **Lời giải:** - Bước 1: Từ phương trình thứ nhất, rút ra \(y\):   \(3y = 7 - 2x \Leftrightarrow y = \frac{7 - 2x}{3}\). - Bước 2: Thế biểu thức của \(y\) vào phương trình thứ hai:   \(3x + 2\left(\frac{7 - 2x}{3}\right) = 8\) - Bước 3: Giải phương trình tìm \(x\). Nhân cả hai vế với 3 để khử mẫu:   \(9x + 2(7 - 2x) = 24\)   \(\Leftrightarrow 9x + 14 - 4x = 24\)   \(\Leftrightarrow 5x = 10\)   \(\Leftrightarrow x = 2\) - Bước 4: Thay \(x = 2\) vào biểu thức \(y = \frac{7 - 2x}{3}\) để tìm \(y\).   \(y = \frac{7 - 2(2)}{3} = \frac{7 - 4}{3} = \frac{3}{3} = 1\)  Vậy nghiệm của hệ phương trình là \((x; y) = (2; 1)\).",Vận dụng
LO-00007,Sử dụng phương pháp thế để xác định số nghiệm của hệ phương trình: \(\begin{cases} x - 3y = 5 \\ -2x + 6y = -10 \end{cases}\).,"Khi giải hệ bằng phương pháp thế, nếu ta nhận được một đẳng thức luôn đúng (ví dụ 0 = 0) thì hệ có vô số nghiệm.  **Lời giải:** - Bước 1: Từ phương trình thứ nhất, rút ra \(x = 5 + 3y\). - Bước 2: Thế vào phương trình thứ hai:   \(-2(5 + 3y) + 6y = -10\) - Bước 3: Giải phương trình ẩn \(y\).   \(-10 - 6y + 6y = -10\)   \(\Leftrightarrow -10 = -10\) (Luôn đúng)  Vì ta nhận được một đẳng thức luôn đúng, điều này chứng tỏ phương trình thứ hai là hệ quả của phương trình thứ nhất. Mọi nghiệm của phương trình thứ nhất đều là nghiệm của phương trình thứ hai.  Vậy hệ phương trình có vô số nghiệm.",Vận dụng
LO-00007,Tìm tọa độ giao điểm của hai đường thẳng \(d_1: y = 3x - 5\) và \(d_2: 2x + 3y = 8\) bằng phương pháp thế.,Tọa độ giao điểm của hai đường thẳng chính là nghiệm của hệ phương trình tạo bởi phương trình của hai đường thẳng đó.  **Lời giải:** - Bước 1: Xét hệ phương trình:   \(\begin{cases} y = 3x - 5 \\ 2x + 3y = 8 \end{cases}\) - Bước 2: Thế \(y = 3x - 5\) từ phương trình thứ nhất vào phương trình thứ hai:   \(2x + 3(3x - 5) = 8\) - Bước 3: Giải phương trình tìm \(x\).   \(2x + 9x - 15 = 8\)   \(\Leftrightarrow 11x = 23\)   \(\Leftrightarrow x = \frac{23}{11}\) - Bước 4: Thay \(x = \frac{23}{11}\) vào \(y = 3x - 5\) để tìm \(y\).   \(y = 3\left(\frac{23}{11}\right) - 5 = \frac{69}{11} - \frac{55}{11} = \frac{14}{11}\)  Vậy tọa độ giao điểm là \(\left(\frac{23}{11}; \frac{14}{11}\right)\).,Vận dụng
LO-00007,Cho hệ phương trình \(\begin{cases} x + my = 3 \\ 2x - y = 1 \end{cases}\). Tìm \(m\) để hệ có nghiệm \((x; y)\) thỏa mãn \(x - y = 2\).,"Ta sẽ giải hệ phương trình để tìm nghiệm \(x, y\) theo \(m\), sau đó thay vào điều kiện \(x - y = 2\) để tìm \(m\).  **Lời giải:** - Bước 1: Từ phương trình thứ hai, rút ra \(y = 2x - 1\). - Bước 2: Thế vào phương trình thứ nhất:   \(x + m(2x - 1) = 3\)   \(\Leftrightarrow x + 2mx - m = 3\)   \(\Leftrightarrow x(1 + 2m) = m + 3\)   \(\Rightarrow x = \frac{m+3}{1+2m}\) (với \(m \ne -1/2\)) - Bước 3: Tìm \(y\) theo \(m\).   \(y = 2x - 1 = 2\left(\frac{m+3}{1+2m}\right) - 1 = \frac{2m+6 - (1+2m)}{1+2m} = \frac{5}{1+2m}\) - Bước 4: Thay \(x, y\) vào điều kiện \(x - y = 2\).   \(\frac{m+3}{1+2m} - \frac{5}{1+2m} = 2\)   \(\Leftrightarrow \frac{m-2}{1+2m} = 2\)   \(\Rightarrow m-2 = 2(1+2m)\)   \(\Leftrightarrow m-2 = 2+4m\)   \(\Leftrightarrow 3m = -4 \Leftrightarrow m = -\frac{4}{3}\) - Bước 5: Kiểm tra điều kiện \(m \ne -1/2\). Giá trị \(m = -4/3\) thỏa mãn.  Vậy \(m = -\frac{4}{3}\).",Vận dụng cao
LO-00007,Giải hệ phương trình sau bằng phương pháp thế: \(\begin{cases} \frac{1}{x} + \frac{2}{y} = 3 \\ \frac{3}{x} - \frac{1}{y} = 2 \end{cases}\).,"Đây là hệ phương trình có thể đưa về dạng bậc nhất bằng cách đặt ẩn phụ. Sau đó, ta có thể dùng phương pháp thế để giải hệ mới.  **Lời giải:** - Bước 1: Đặt ẩn phụ và điều kiện.   ĐKXĐ: \(x \ne 0, y \ne 0\).   Đặt \(u = \frac{1}{x}\) và \(v = \frac{1}{y}\). Hệ phương trình trở thành:   \(\begin{cases} u + 2v = 3 \\ 3u - v = 2 \end{cases}\) - Bước 2: Giải hệ mới bằng phương pháp thế.   Từ phương trình thứ hai, rút ra \(v = 3u - 2\).   Thế vào phương trình thứ nhất:   \(u + 2(3u - 2) = 3\)   \(\Leftrightarrow u + 6u - 4 = 3\)   \(\Leftrightarrow 7u = 7 \Leftrightarrow u = 1\).   Suy ra \(v = 3(1) - 2 = 1\). - Bước 3: Trả lại biến cũ.   + Với \(u = 1\), ta có \(\frac{1}{x} = 1 \Leftrightarrow x = 1\).   + Với \(v = 1\), ta có \(\frac{1}{y} = 1 \Leftrightarrow y = 1\). - Bước 4: Đối chiếu ĐKXĐ và kết luận.   Nghiệm \((1; 1)\) thỏa mãn ĐKXĐ.  Vậy nghiệm của hệ phương trình là \((x; y) = (1; 1)\).",Vận dụng cao
LO-00008,"Cho hệ phương trình \(\begin{cases} x + y = 5 \\ 2x - y = 4 \end{cases}\). Nếu ta cộng vế theo vế hai phương trình này, ta sẽ được phương trình mới nào?",Phương pháp cộng đại số dựa trên việc cộng hoặc trừ các vế tương ứng của hai phương trình để khử đi một ẩn.  **Lời giải:** - Bước 1: Viết lại hai phương trình của hệ:   (1) \(x + y = 5\)   (2) \(2x - y = 4\) - Bước 2: Nhận thấy hệ số của ẩn \(y\) trong hai phương trình là \(1\) và \(-1\) (hai số đối nhau). - Bước 3: Cộng vế theo vế của (1) và (2):   \((x + 2x) + (y - y) = 5 + 4\)   \(\Leftrightarrow 3x + 0 = 9\)   \(\Leftrightarrow 3x = 9\)  **Đáp án:** Ta được phương trình mới là \(3x = 9\).,Nhận biết
LO-00008,"Để giải hệ phương trình \(\begin{cases} 2x + 3y = 8 \\ 2x - y = 4 \end{cases}\) bằng phương pháp cộng đại số, ta nên thực hiện phép toán nào (cộng hay trừ) để khử ẩn \(x\)?","Để khử một ẩn, hệ số của nó trong hai phương trình cần phải đối nhau (để thực hiện phép cộng) hoặc bằng nhau (để thực hiện phép trừ).  **Lời giải:** - Bước 1: Quan sát hệ số của các ẩn trong hệ.   + Hệ số của \(x\) đều là 2.   + Hệ số của \(y\) là 3 và -1. - Bước 2: Để khử ẩn \(x\), ta có thể lấy phương trình thứ nhất trừ đi phương trình thứ hai vế theo vế.   \((2x - 2x) + (3y - (-y)) = 8 - 4\)   \(\Leftrightarrow 4y = 4\)  **Đáp án:** Ta nên thực hiện phép **trừ** vế theo vế.",Nhận biết
LO-00008,Giải hệ phương trình sau bằng phương pháp cộng đại số: \(\begin{cases} 3x + 2y = 7 \\ x - 2y = 1 \end{cases}\).,"Hệ phương trình này có hệ số của ẩn \(y\) đối nhau, ta có thể cộng vế theo vế để khử \(y\).  **Lời giải:** - Bước 1: Cộng vế theo vế hai phương trình của hệ:   \((3x + x) + (2y - 2y) = 7 + 1\)   \(\Leftrightarrow 4x = 8\)   \(\Leftrightarrow x = 2\) - Bước 2: Thay \(x = 2\) vào một trong hai phương trình ban đầu để tìm \(y\). Thay vào phương trình thứ hai:   \(2 - 2y = 1\)   \(\Leftrightarrow -2y = -1\)   \(\Leftrightarrow y = \frac{1}{2}\)  Vậy nghiệm của hệ phương trình là \((x; y) = (2; \frac{1}{2})\).",Thông hiểu
LO-00008,Giải hệ phương trình bằng phương pháp cộng đại số: \(\begin{cases} 4x + y = 5 \\ 3x + y = 3 \end{cases}\).,"Hệ phương trình này có hệ số của ẩn \(y\) bằng nhau, ta có thể trừ vế theo vế để khử \(y\).  **Lời giải:** - Bước 1: Lấy phương trình thứ nhất trừ đi phương trình thứ hai vế theo vế:   \((4x - 3x) + (y - y) = 5 - 3\)   \(\Leftrightarrow x = 2\) - Bước 2: Thay \(x = 2\) vào phương trình thứ nhất để tìm \(y\):   \(4(2) + y = 5\)   \(\Leftrightarrow 8 + y = 5\)   \(\Leftrightarrow y = -3\)  Vậy nghiệm của hệ phương trình là \((x; y) = (2; -3)\).",Thông hiểu
LO-00008,"Để giải hệ phương trình \(\begin{cases} 2x - 3y = 1 \\ x + 2y = 4 \end{cases}\) bằng phương pháp cộng đại số, ta cần nhân phương trình thứ hai với số nào để có thể khử ẩn \(x\)?","Để khử ẩn \(x\), hệ số của \(x\) trong hai phương trình phải bằng nhau hoặc đối nhau. Hệ số của \(x\) ở phương trình thứ nhất là 2.  **Lời giải:** - Bước 1: Quan sát hệ số của \(x\) trong hai phương trình: 2 và 1. - Bước 2: Để hệ số của \(x\) ở phương trình thứ hai trở thành -2 (số đối của 2), ta cần nhân cả hai vế của phương trình thứ hai với -2.   Khi đó hệ trở thành: \(\begin{cases} 2x - 3y = 1 \\ -2x - 4y = -8 \end{cases}\). Bây giờ ta có thể cộng hai vế để khử \(x\).  **Đáp án:** Cần nhân phương trình thứ hai với -2.",Thông hiểu
LO-00008,Giải hệ phương trình bằng phương pháp cộng đại số: \(\begin{cases} 3x + 2y = 1 \\ 2x - 5y = 7 \end{cases}\).,"Hệ số của cả hai ẩn đều không bằng nhau hoặc đối nhau, ta cần nhân cả hai phương trình với các số thích hợp.  **Lời giải:** - Bước 1: Chọn ẩn để khử, ví dụ ẩn \(x\). Bội chung nhỏ nhất của 3 và 2 là 6. Ta sẽ biến đổi hệ số của \(x\) thành 6 và -6.   + Nhân hai vế của phương trình thứ nhất với 2: \(6x + 4y = 2\) (1')   + Nhân hai vế của phương trình thứ hai với -3: \(-6x + 15y = -21\) (2') - Bước 2: Cộng vế theo vế của (1') và (2'):   \((6x - 6x) + (4y + 15y) = 2 - 21\)   \(\Leftrightarrow 19y = -19\)   \(\Leftrightarrow y = -1\) - Bước 3: Thay \(y = -1\) vào phương trình thứ nhất ban đầu:   \(3x + 2(-1) = 1\)   \(\Leftrightarrow 3x - 2 = 1\)   \(\Leftrightarrow 3x = 3 \Leftrightarrow x = 1\)  Vậy nghiệm của hệ phương trình là \((x; y) = (1; -1)\).",Vận dụng
LO-00008,Sử dụng phương pháp cộng đại số để xác định số nghiệm của hệ phương trình: \(\begin{cases} 3x - y = 2 \\ -6x + 2y = 1 \end{cases}\).,"Khi giải hệ bằng phương pháp cộng đại số, nếu ta nhận được một đẳng thức vô lý (ví dụ 0 = 5) thì hệ vô nghiệm.  **Lời giải:** - Bước 1: Nhân hai vế của phương trình thứ nhất với 2 để làm đối nhau hệ số của \(x\).   Hệ trở thành: \(\begin{cases} 6x - 2y = 4 \\ -6x + 2y = 1 \end{cases}\) - Bước 2: Cộng vế theo vế hai phương trình của hệ mới:   \((6x - 6x) + (-2y + 2y) = 4 + 1\)   \(\Leftrightarrow 0x + 0y = 5\)   \(\Leftrightarrow 0 = 5\) (Vô lý)  Vì ta nhận được một đẳng thức vô lý, nên không có cặp số \((x; y)\) nào thỏa mãn hệ.  Vậy hệ phương trình vô nghiệm.",Vận dụng
LO-00008,Tìm nghiệm \((x; y)\) của hệ phương trình \(\begin{cases} 2(x+1) - 3(y-1) = 1 \\ 3(x+1) + 2(y-1) = 8 \end{cases}\).,"Ta có thể giải hệ này bằng cách đặt ẩn phụ \(u = x+1\) và \(v = y-1\) để đưa về hệ phương trình bậc nhất hai ẩn quen thuộc.  **Lời giải:**  - **Bước 1: Đặt ẩn phụ và viết lại hệ phương trình.**   Đặt \(u = x+1\) và \(v = y-1\).   Hệ phương trình đã cho trở thành:   \(\begin{cases} 2u - 3v = 1 \\ 3u + 2v = 8 \end{cases}\) (Hệ I)  - **Bước 2: Giải hệ phương trình (I).**   Ta giải hệ (I) bằng phương pháp cộng đại số:   Nhân hai vế của phương trình thứ nhất với 2, và nhân hai vế của phương trình thứ hai với 3, ta được:   \(\begin{cases} 4u - 6v = 2 \\ 9u + 6v = 24 \end{cases}\)   Cộng vế theo vế hai phương trình này, ta được:   \((4u + 9u) + (-6v + 6v) = 2 + 24\)   \(\Leftrightarrow 13u = 26\)   \(\Leftrightarrow u = 2\)   Thay \(u = 2\) vào phương trình \(2u - 3v = 1\), ta có:   \(2(2) - 3v = 1 \)   \(\Leftrightarrow 4 - 3v = 1 \)   \(\Leftrightarrow 3v = 3 \)   \(\Leftrightarrow v = 1\)  - **Bước 3: Trả lại biến (x, y) ban đầu.**   + Với \(u = 2\), ta có: \(x+1 = 2 \Rightarrow x = 1\).   + Với \(v = 1\), ta có: \(y-1 = 1 \Rightarrow y = 2\).  - **Bước 4: Kết luận.**   Vậy nghiệm của hệ phương trình đã cho là \((x; y) = (1; 2)\).",Vận dụng
LO-00008,Cho hệ phương trình \(\begin{cases} 2x + y = m+1 \\ 3x - 2y = m-4 \end{cases}\). Tìm \(m\) để hệ có nghiệm duy nhất \((x; y)\) sao cho \(x+y=3\).,"Ta sẽ giải hệ để tìm \(x, y\) theo \(m\), sau đó thay vào điều kiện \(x+y=3\).  **Lời giải:** - Bước 1: Giải hệ phương trình theo \(m\). Nhân phương trình thứ nhất với 2:   \(\begin{cases} 4x + 2y = 2m+2 \\ 3x - 2y = m-4 \end{cases}\)   Cộng vế theo vế, ta được: \(7x = 3m - 2 \Leftrightarrow x = \frac{3m-2}{7}\). - Bước 2: Tìm \(y\) theo \(m\). Từ \(y = m+1 - 2x\):   \(y = m+1 - 2\left(\frac{3m-2}{7}\right) = \frac{7(m+1) - 2(3m-2)}{7} = \frac{7m+7-6m+4}{7} = \frac{m+11}{7}\). - Bước 3: Thay \(x, y\) vào điều kiện \(x+y=3\).   \(\frac{3m-2}{7} + \frac{m+11}{7} = 3\)   \(\Leftrightarrow \frac{4m+9}{7} = 3\)   \(\Leftrightarrow 4m+9 = 21\)   \(\Leftrightarrow 4m = 12 \Leftrightarrow m = 3\).  Vậy giá trị cần tìm là \(m=3\).",Vận dụng cao
LO-00008,Biết hệ phương trình \(\begin{cases} ax + by = 5 \\ bx - ay = 10 \end{cases}\) có nghiệm là \((x; y) = (1; 2)\). Tính giá trị của \(a^2 + b^2\).,"Ta thay nghiệm \((1; 2)\) vào hệ để được một hệ mới với ẩn là \(a, b\). Sau đó, ta có thể giải hệ đó hoặc tìm cách tính \(a^2+b^2\) một cách thông minh.  **Lời giải:** - Bước 1: Thay \(x=1, y=2\) vào hệ, ta được:   \(\begin{cases} a(1) + b(2) = 5 \\ b(1) - a(2) = 10 \end{cases} \Leftrightarrow \begin{cases} a + 2b = 5 \\ -2a + b = 10 \end{cases}\) - Bước 2: Giải hệ tìm \(a, b\).   Nhân phương trình thứ hai với -2: \(4a - 2b = -20\).   Cộng với phương trình thứ nhất: \((a+4a) + (2b-2b) = 5-20 \Rightarrow 5a = -15 \Rightarrow a = -3\).   Thay \(a=-3\) vào \(a+2b=5\): \(-3 + 2b = 5 \Rightarrow 2b = 8 \Rightarrow b = 4\). - Bước 3: Tính \(a^2 + b^2\).   \(a^2 + b^2 = (-3)^2 + 4^2 = 9 + 16 = 25\).  **Cách khác:** Từ hệ \(\begin{cases} a + 2b = 5 \\ b - 2a = 10 \end{cases}\), bình phương hai vế của mỗi phương trình: \((a+2b)^2 = 25 \Rightarrow a^2 + 4ab + 4b^2 = 25\) \((b-2a)^2 = 100 \Rightarrow b^2 - 4ab + 4a^2 = 100\) Cộng vế theo vế hai phương trình mới này: \((a^2+4a^2) + (4b^2+b^2) + (4ab-4ab) = 25+100\) \(\Leftrightarrow 5a^2 + 5b^2 = 125 \Leftrightarrow a^2 + b^2 = 25\).",Vận dụng cao
LO-00009,"Khi giải một hệ phương trình, ta nên nghĩ đến việc sử dụng phương pháp đặt ẩn phụ trong trường hợp nào?","Ta nên sử dụng phương pháp đặt ẩn phụ khi trong hệ phương trình có chứa các biểu thức phức tạp lặp đi lặp lại. Bằng cách đặt các biểu thức đó làm ẩn mới (ví dụ: u, v), ta có thể đưa hệ phương trình về dạng hệ phương trình bậc nhất hai ẩn quen thuộc.  **Ví dụ:** Với hệ \(\begin{cases} \frac{2}{x} + \frac{3}{y} = 5 \\ \frac{1}{x} - \frac{1}{y} = 1 \end{cases}\), ta thấy \(\frac{1}{x}\) và \(\frac{1}{y}\) lặp lại.",Nhận biết
LO-00009,"Để giải hệ phương trình \(\begin{cases} \frac{2}{x-3} + |y-1| = 4 \\ \frac{5}{x-3} - 2|y-1| = 1 \end{cases}\), ta cần đặt ẩn phụ như thế nào và điều kiện của ẩn phụ là gì?","Ta nhận thấy các biểu thức \(\frac{1}{x-3}\) và \(|y-1|\) lặp lại trong hệ.  **Lời giải:** - Bước 1: Đặt ẩn phụ.   Đặt \(u = \frac{1}{x-3}\) và \(v = |y-1|\). - Bước 2: Tìm điều kiện của ẩn phụ.   + Vì \(x-3\) ở mẫu nên \(x \ne 3\), \(u\) có thể nhận giá trị bất kỳ khác 0.   + Vì \(|y-1|\) là giá trị tuyệt đối nên \(|y-1| \ge 0\). Do đó, \(v \ge 0\).  **Đáp án:** Đặt \(u = \frac{1}{x-3}\) và \(v = |y-1|\), với điều kiện \(v \ge 0\).",Nhận biết
LO-00009,Giải hệ phương trình: \(\begin{cases} \frac{1}{x} + \frac{1}{y} = 2 \\ \frac{3}{x} - \frac{2}{y} = 1 \end{cases}\).,"Đây là dạng hệ phương trình cơ bản giải bằng cách đặt ẩn phụ.  **Lời giải:** - Bước 1: ĐKXĐ: \(x \ne 0, y \ne 0\). Đặt \(u = \frac{1}{x}\), \(v = \frac{1}{y}\). Hệ trở thành:   \(\begin{cases} u + v = 2 \\ 3u - 2v = 1 \end{cases}\) - Bước 2: Giải hệ mới. Nhân phương trình thứ nhất với 2:   \(\begin{cases} 2u + 2v = 4 \\ 3u - 2v = 1 \end{cases}\)   Cộng vế theo vế ta được \(5u = 5 \Leftrightarrow u = 1\). Suy ra \(1 + v = 2 \Leftrightarrow v = 1\). - Bước 3: Trả lại biến cũ.   + \(u = \frac{1}{x} = 1 \Leftrightarrow x = 1\)   + \(v = \frac{1}{y} = 1 \Leftrightarrow y = 1\) - Bước 4: Đối chiếu ĐKXĐ và kết luận.   Nghiệm \((1; 1)\) thỏa mãn. Vậy nghiệm của hệ là \((x; y) = (1; 1)\).",Thông hiểu
LO-00009,Sắp xếp các bước giải hệ phương trình \(\begin{cases} \frac{4}{x+y} + \frac{1}{x-y} = 2 \\ \frac{2}{x+y} - \frac{3}{x-y} = 7 \end{cases}\).,"Đây là quy trình chuẩn để giải một hệ phương trình bằng phương pháp đặt ẩn phụ.  **Lời giải:** Thứ tự đúng của các bước là: 1. Tìm điều kiện xác định: \(x+y \ne 0\) và \(x-y \ne 0\). 2. Đặt ẩn phụ: Đặt \(u = \frac{1}{x+y}\) và \(v = \frac{1}{x-y}\). 3. Viết lại hệ phương trình theo ẩn phụ: \(\begin{cases} 4u + v = 2 \\ 2u - 3v = 7 \end{cases}\). 4. Giải hệ phương trình với ẩn \(u, v\) để tìm được \(u=1, v=-2\). 5. Trả lại biến cũ và giải hệ tìm \(x, y\): \(\begin{cases} \frac{1}{x+y} = 1 \\ \frac{1}{x-y} = -2 \end{cases} \Leftrightarrow \begin{cases} x+y = 1 \\ x-y = -\frac{1}{2} \end{cases}\). 6. Giải hệ cuối cùng để tìm nghiệm \((x; y) = (\frac{1}{4}; \frac{3}{4})\) và kết luận.",Thông hiểu
LO-00009,"Để giải hệ \(\begin{cases} \frac{1}{x} + \frac{1}{y} = 3 \\ \frac{2}{x} - \frac{3}{y} = 1 \end{cases}\), một học sinh đặt \(u = \frac{1}{x}, v = \frac{1}{y}\) và giải ra \(u=2, v=1\). Sau đó kết luận nghiệm của hệ là \((2; 1)\). Lời giải sai ở đâu?","Lời giải sai ở bước cuối cùng, sau khi đã tìm ra giá trị của các ẩn phụ \(u\) và \(v\).  **Lời giải:** - Lỗi sai: Học sinh đã kết luận nghiệm là giá trị của ẩn phụ \((u; v)\) thay vì nghiệm của hệ ban đầu \((x; y)\). - Sửa lại cho đúng: Sau khi tìm được \(u=2, v=1\), cần thực hiện bước trả lại biến cũ:   + \(u = \frac{1}{x} = 2 \Rightarrow x = \frac{1}{2}\)   + \(v = \frac{1}{y} = 1 \Rightarrow y = 1\)   Vậy nghiệm đúng của hệ là \((x; y) = (\frac{1}{2}; 1)\).",Thông hiểu
LO-00009,Giải hệ phương trình: \(\begin{cases} 2\sqrt{x} + 3\sqrt{y} = 8 \\ \sqrt{x} - \sqrt{y} = -1 \end{cases}\).,"Ta sẽ đặt ẩn phụ cho các căn thức để đưa về hệ bậc nhất.  **Lời giải:** - Bước 1: ĐKXĐ: \(x \ge 0, y \ge 0\). Đặt \(u = \sqrt{x}\), \(v = \sqrt{y}\) (với \(u, v \ge 0\)). Hệ trở thành:   \(\begin{cases} 2u + 3v = 8 \\ u - v = -1 \end{cases}\) - Bước 2: Giải hệ mới. Từ (2) suy ra \(u = v - 1\). Thế vào (1):   \(2(v - 1) + 3v = 8 \Leftrightarrow 2v - 2 + 3v = 8 \Leftrightarrow 5v = 10 \Leftrightarrow v = 2\).   Suy ra \(u = 2 - 1 = 1\). - Bước 3: Đối chiếu điều kiện ẩn phụ.   \(u=1, v=2\) đều thỏa mãn \(u, v \ge 0\). - Bước 4: Trả lại biến cũ.   + \(\sqrt{x} = 1 \Leftrightarrow x = 1\)   + \(\sqrt{y} = 2 \Leftrightarrow y = 4\)  Vậy nghiệm của hệ là \((x; y) = (1; 4)\).",Vận dụng
LO-00009,"Cho hệ phương trình \(\begin{cases} \frac{x}{x-1} + \frac{y}{y+1} = 3 \\ \frac{2x}{x-1} - \frac{y}{y+1} = 0 \end{cases}\). Sau khi đặt \(u = \frac{x}{x-1}\) và \(v = \frac{y}{y+1}\), ta được hệ \(\begin{cases} u+v=3 \\ 2u-v=0 \end{cases}\). Bước tiếp theo là gì?","Sau khi có hệ phương trình bậc nhất hai ẩn \(u, v\), bước tiếp theo là giải hệ này để tìm giá trị của \(u\) và \(v\).  **Lời giải:** Bước tiếp theo là giải hệ \(\begin{cases} u+v=3 \\ 2u-v=0 \end{cases}\). Cộng vế theo vế hai phương trình, ta được: \(3u = 3 \Leftrightarrow u = 1\). Thay \(u=1\) vào phương trình thứ hai: \(2(1) - v = 0 \Leftrightarrow v = 2\). Sau đó, ta sẽ thực hiện bước trả lại biến cũ để tìm \(x, y\).",Vận dụng
LO-00009,Tìm nghiệm của hệ phương trình: \(\begin{cases} x+y=5 \\ \frac{1}{x} + \frac{1}{y} = \frac{5}{6} \end{cases}\).,"Ta có thể biến đổi phương trình thứ hai trước khi đặt ẩn phụ hoặc sử dụng định lý Vi-ét đảo.  **Lời giải:** - Bước 1: ĐKXĐ: \(x \ne 0, y \ne 0\). - Bước 2: Biến đổi phương trình thứ hai:   \(\frac{x+y}{xy} = \frac{5}{6}\) - Bước 3: Thế \(x+y=5\) từ phương trình thứ nhất vào:   \(\frac{5}{xy} = \frac{5}{6} \Leftrightarrow xy = 6\). - Bước 4: Tìm \(x, y\).   Ta có \(x+y=5\) và \(xy=6\). Theo định lý Vi-ét đảo, \(x\) và \(y\) là hai nghiệm của phương trình:   \(t^2 - 5t + 6 = 0\)   Giải phương trình này ta được \(t=2\) hoặc \(t=3\).  Vậy hệ có hai nghiệm là \((2; 3)\) và \((3; 2)\).",Vận dụng
LO-00009,Giải hệ phương trình: \(\begin{cases} 2x^2 + \frac{3}{y-1} = 5 \\ x^2 - \frac{1}{y-1} = 1 \end{cases}\).,"Ta sẽ đặt ẩn phụ cho \(x^2\) và \(\frac{1}{y-1}\), lưu ý điều kiện của ẩn phụ.  **Lời giải:** - Bước 1: ĐKXĐ: \(y \ne 1\). Đặt \(u = x^2\) và \(v = \frac{1}{y-1}\). Điều kiện: \(u \ge 0\). Hệ trở thành:   \(\begin{cases} 2u + 3v = 5 \\ u - v = 1 \end{cases}\) - Bước 2: Giải hệ mới. Từ (2) suy ra \(u = v+1\). Thế vào (1):   \(2(v+1) + 3v = 5 \Leftrightarrow 2v+2+3v=5 \Leftrightarrow 5v=3 \Leftrightarrow v = \frac{3}{5}\).   Suy ra \(u = \frac{3}{5} + 1 = \frac{8}{5}\). - Bước 3: Đối chiếu điều kiện ẩn phụ.   \(u = \frac{8}{5} \ge 0\) (Thỏa mãn). - Bước 4: Trả lại biến cũ.   + \(x^2 = \frac{8}{5} \Leftrightarrow x = \pm \sqrt{\frac{8}{5}} = \pm \frac{2\sqrt{10}}{5}\).   + \(\frac{1}{y-1} = \frac{3}{5} \Leftrightarrow 3(y-1) = 5 \Leftrightarrow 3y-3=5 \Leftrightarrow 3y=8 \Leftrightarrow y = \frac{8}{3}\).  Vậy hệ có hai nghiệm là \((\frac{2\sqrt{10}}{5}; \frac{8}{3})\) và \((-\frac{2\sqrt{10}}{5}; \frac{8}{3})\).",Vận dụng cao
LO-00009,Giải hệ phương trình: \(\begin{cases} \frac{1}{x} + \frac{1}{y} + \frac{1}{z} = 6 \\ \frac{2}{x} - \frac{1}{y} + \frac{3}{z} = 9 \\ \frac{3}{x} + \frac{2}{y} - \frac{1}{z} = 4 \end{cases}\).,"Đây là hệ ba phương trình bậc nhất ba ẩn có thể giải bằng cách đặt ẩn phụ.  **Lời giải:** - Bước 1: ĐKXĐ: \(x, y, z \ne 0\). Đặt \(a = \frac{1}{x}, b = \frac{1}{y}, c = \frac{1}{z}\). Hệ trở thành:   \(\begin{cases} a + b + c = 6 \\ 2a - b + 3c = 9 \\ 3a + 2b - c = 4 \end{cases}\) - Bước 2: Giải hệ mới. Cộng (1) và (2): \(3a + 4c = 15\) (4).   Cộng (1) và (3): \(4a + 3b = 10\). Cách này không khử được.   Nhân (1) với 2 rồi trừ đi (3): \((2a-3a) + (2b-2b) + (2c - (-c)) = 12-4 \Rightarrow -a+3c=8\) (5). - Bước 3: Giải hệ (4) và (5):   \(\begin{cases} 3a + 4c = 15 \\ -a + 3c = 8 \end{cases}\). Từ (5) \(\Rightarrow a = 3c-8\). Thế vào (4):   \(3(3c-8) + 4c = 15 \Leftrightarrow 9c-24+4c=15 \Leftrightarrow 13c=39 \Leftrightarrow c=3\).   Suy ra \(a = 3(3)-8 = 1\).   Thay \(a=1, c=3\) vào (1): \(1+b+3=6 \Rightarrow b=2\). - Bước 4: Trả lại biến cũ.   + \(a = \frac{1}{x} = 1 \Rightarrow x = 1\)   + \(b = \frac{1}{y} = 2 \Rightarrow y = \frac{1}{2}\)   + \(c = \frac{1}{z} = 3 \Rightarrow z = \frac{1}{3}\)  Vậy nghiệm của hệ là \((x; y; z) = (1; \frac{1}{2}; \frac{1}{3})\).",Vận dụng cao
LO-00010,"Để vào chế độ giải hệ phương trình bậc nhất hai ẩn trên máy tính Casio, bạn cần bấm những phím nào?",Các dòng máy tính Casio phổ biến có cách truy cập khác nhau.  **Lời giải:** - **Đối với máy Casio FX-570VN PLUS:** Bấm `MODE` -> `5` (EQN) -> `1` (anX + bnY = cn). - **Đối với máy Casio fx-580VN X:** Bấm `MENU` -> `9` (Phương trình/Hệ PT) -> `1` (Hệ phương trình) -> `2` (2 ẩn).,Nhận biết
LO-00010,"Khi sử dụng máy tính cầm tay để giải hệ \(\begin{cases} 2x - 5y = 1 \\ x + 3y = 9 \end{cases}\), bạn cần nhập các hệ số theo thứ tự nào?","Máy tính yêu cầu nhập các hệ số \(a, b, c\) của từng phương trình theo đúng thứ tự.  **Lời giải:** Bạn cần nhập các hệ số theo thứ tự sau: - Phương trình 1: Nhập `2`, bấm `=`, nhập `-5`, bấm `=`, nhập `1`, bấm `=`. - Phương trình 2: Nhập `1`, bấm `=`, nhập `3`, bấm `=`, nhập `9`, bấm `=`. Sau đó bấm `=` để xem kết quả.",Nhận biết
LO-00010,"Để nhập phương trình \(4x = 12\) vào máy tính cầm tay trong một hệ hai ẩn, bạn cần nhập các hệ số \(a, b, c\) tương ứng là bao nhiêu?","Phương trình \(4x = 12\) có thể được viết lại dưới dạng đầy đủ là \(4x + 0y = 12\).  **Lời giải:** - Hệ số của \(x\) là \(a = 4\). - Vì không có hạng tử chứa \(y\), hệ số của \(y\) là \(b = 0\). - Hằng số tự do là \(c = 12\).  Vậy bạn cần nhập các hệ số là `4`, `0`, `12`.",Thông hiểu
LO-00010,"Khi giải hệ phương trình bằng máy tính cầm tay, nếu màn hình hiển thị ""Vô số nghiệm"" (Infinite sol) hoặc ""Vô nghiệm"" (No solution), điều đó có ý nghĩa hình học là gì?","Số nghiệm của hệ phương trình tương ứng với số điểm chung của hai đường thẳng biểu diễn tập nghiệm của mỗi phương trình.  **Lời giải:** - **""Vô số nghiệm""**: Hai đường thẳng biểu diễn hai phương trình của hệ **trùng nhau**. - **""Vô nghiệm""**: Hai đường thẳng biểu diễn hai phương trình của hệ **song song** với nhau.",Thông hiểu
LO-00010,"Bạn An muốn giải hệ \(\begin{cases} 3x = 2y + 1 \\ 5y = 4x - 2 \end{cases}\) bằng máy tính. An đã nhập các hệ số của phương trình đầu tiên là `3`, `2`, `1`. Lỗi sai của An là gì?","Lỗi sai của An là chưa đưa phương trình về dạng chuẩn \(ax + by = c\) trước khi nhập hệ số.  **Lời giải:** - Phương trình đầu tiên \(3x = 2y + 1\) cần được chuyển vế thành \(3x - 2y = 1\). - Do đó, các hệ số đúng phải là \(a=3, b=-2, c=1\). - An đã nhập \(b=2\) thay vì \(b=-2\).",Thông hiểu
LO-00010,Sử dụng máy tính cầm tay để tìm nghiệm của hệ phương trình: \(\begin{cases} 0.5x - 1.2y = -4.1 \\ 1.5x + 0.8y = 4.9 \end{cases}\).,"Ta sẽ nhập trực tiếp các hệ số thập phân vào máy tính để giải.  **Lời giải:** - Bước 1: Vào chế độ giải hệ phương trình 2 ẩn. - Bước 2: Nhập các hệ số:   + PT1: \(a=0.5, b=-1.2, c=-4.1\)   + PT2: \(a=1.5, b=0.8, c=4.9\) - Bước 3: Bấm phím `=` để nhận kết quả.   Máy tính sẽ hiển thị \(x = 1\) và \(y = 3.8333...\) hoặc \(y = \frac{23}{6}\).  Vậy nghiệm của hệ là \((x; y) = (1; \frac{23}{6})\).",Vận dụng
LO-00010,Một trang trại có 30 con gà và thỏ. Tổng số chân đếm được là 80 chân. Sử dụng máy tính cầm tay để tìm số gà và số thỏ.,"Ta cần lập một hệ phương trình bậc nhất hai ẩn từ dữ kiện bài toán, sau đó dùng máy tính để giải.  **Lời giải:** - Bước 1: Gọi \(x\) là số gà, \(y\) là số thỏ (\(x, y\) nguyên dương). - Bước 2: Lập hệ phương trình:   + Tổng số con: \(x + y = 30\)   + Tổng số chân (gà có 2 chân, thỏ có 4 chân): \(2x + 4y = 80\)   Ta có hệ: \(\begin{cases} x + y = 30 \\ 2x + 4y = 80 \end{cases}\) - Bước 3: Dùng máy tính cầm tay giải hệ trên.   Nhập các hệ số: `1, 1, 30` và `2, 4, 80`. - Bước 4: Đọc kết quả.   Máy tính hiển thị \(x = 20\) và \(y = 10\).  Vậy trang trại có 20 con gà và 10 con thỏ.",Vận dụng
LO-00010,Sắp xếp các bước sử dụng máy tính cầm tay để tìm tọa độ giao điểm của hai đường thẳng \(d_1: y = 5x - 4\) và \(d_2: y = -2x + 10\).,"Tọa độ giao điểm là nghiệm của hệ phương trình tạo bởi hai đường thẳng. Ta cần đưa hệ về dạng chuẩn trước khi dùng máy tính.  **Lời giải:** 1. Viết hệ phương trình tương ứng với hai đường thẳng: \(\begin{cases} y = 5x - 4 \\ y = -2x + 10 \end{cases}\). 2. Chuyển hệ về dạng chuẩn \(ax+by=c\): \(\begin{cases} -5x + y = -4 \\ 2x + y = 10 \end{cases}\). 3. Mở chế độ giải hệ phương trình 2 ẩn trên máy tính. 4. Nhập các hệ số của hệ phương trình đã chuyển đổi: `-5, 1, -4` và `2, 1, 10`. 5. Bấm phím `=` để đọc kết quả hoành độ \(x\) và tung độ \(y\) của giao điểm. (Kết quả: x=2, y=6).",Vận dụng
LO-00010,"Bạn có hệ phương trình \(\begin{cases} \frac{2}{x} + \frac{5}{y} = -1 \\ \frac{3}{x} - \frac{1}{y} = 7 \end{cases}\). Bạn đặt \(u = \frac{1}{x}, v = \frac{1}{y}\) và được hệ mới \(\begin{cases} 2u + 5v = -1 \\ 3u - v = 7 \end{cases}\). Bước tiếp theo để tìm \(x, y\) bằng máy tính là gì?","Sau khi đặt ẩn phụ, ta dùng máy tính để giải hệ mới theo \(u, v\), sau đó phải tính ngược lại để tìm \(x, y\).  **Lời giải:** Bước tiếp theo là sử dụng máy tính cầm tay để giải hệ phương trình \(\begin{cases} 2u + 5v = -1 \\ 3u - v = 7 \end{cases}\). Nhập các hệ số `2, 5, -1` và `3, -1, 7`, máy tính sẽ cho kết quả \(u=2\) và \(v=-1\). Cuối cùng, ta tính \(x = \frac{1}{u} = \frac{1}{2}\) và \(y = \frac{1}{v} = -1\).",Vận dụng cao
LO-00010,Sử dụng máy tính cầm tay để tìm nghiệm của hệ phương trình ba ẩn: \(\begin{cases} x + y + z = 6 \\ 2x - y + z = 3 \\ x + 2y - 3z = 2 \end{cases}\).,"Các máy tính Casio FX-570VN PLUS và fx-580VN X đều hỗ trợ giải hệ phương trình bậc nhất ba ẩn.  **Lời giải:** - **Đối với máy Casio FX-570VN PLUS:** Bấm `MODE` -> `5` (EQN) -> `2` (anX + bnY + cnZ = dn). - **Đối với máy Casio fx-580VN X:** Bấm `MENU` -> `9` (Phương trình/Hệ PT) -> `1` (Hệ phương trình) -> `3` (3 ẩn).  Sau đó, nhập lần lượt các hệ số: - PT1: `1, 1, 1, 6` - PT2: `2, -1, 1, 3` - PT3: `1, 2, -3, 2`  Bấm `=` để đọc kết quả: \(x=1, y=2, z=3\). Vậy nghiệm của hệ là \((1; 2; 3)\).",Vận dụng cao
LO-00011,"Hai số có tổng bằng 59. Hai lần số thứ nhất lớn hơn ba lần số thứ hai là 7. Nếu gọi số thứ nhất là \(x\) và số thứ hai là \(y\), hệ phương trình nào sau đây biểu diễn đúng bài toán?","Ta cần chuyển các mệnh đề của bài toán thành các phương trình toán học.  **Lời giải:** - ""Hai số có tổng bằng 59"" được biểu diễn bởi phương trình: \(x + y = 59\). - ""Hai lần số thứ nhất lớn hơn ba lần số thứ hai là 7"" được biểu diễn bởi phương trình: \(2x - 3y = 7\).  Vậy hệ phương trình của bài toán là: \(\begin{cases} x + y = 59 \\ 2x - 3y = 7 \end{cases}\)",Nhận biết
LO-00011,Một hình chữ nhật có chu vi là 80m. Chiều dài hơn chiều rộng 10m. Gọi chiều dài là \(x\) (m) và chiều rộng là \(y\) (m). Hãy lập hệ phương trình của bài toán.,"Ta cần biểu diễn chu vi và mối quan hệ giữa hai cạnh thành các phương trình.  **Lời giải:** - Chu vi là 80m, ta có phương trình: \(2(x+y) = 80 \Leftrightarrow x + y = 40\). - Chiều dài hơn chiều rộng 10m, ta có phương trình: \(x - y = 10\).  Vậy hệ phương trình của bài toán là: \(\begin{cases} x + y = 40 \\ x - y = 10 \end{cases}\)",Nhận biết
LO-00011,"Trong tháng đầu, hai tổ sản xuất được 800 chi tiết máy. Sang tháng thứ hai, tổ I vượt mức 15%, tổ II vượt mức 20%, do đó cả hai tổ sản xuất được 945 chi tiết máy. Gọi \(x, y\) lần lượt là số chi tiết máy tổ I và tổ II sản xuất được trong tháng đầu. Hãy lập hệ phương trình biểu diễn bài toán.","Ta cần lập một phương trình cho tháng đầu và một phương trình cho tháng thứ hai.  **Lời giải:** - Tháng đầu, hai tổ sản xuất được 800 chi tiết: \(x + y = 800\). - Tháng hai:   + Tổ I sản xuất được: \(x + 15\%x = 1.15x\)   + Tổ II sản xuất được: \(y + 20\%y = 1.20y\)   + Cả hai tổ sản xuất được 945 chi tiết: \(1.15x + 1.20y = 945\).  Vậy hệ phương trình là: \(\begin{cases} x + y = 800 \\ 1.15x + 1.2y = 945 \end{cases}\)",Thông hiểu
LO-00011,"Hiện nay tuổi của cha gấp 3 lần tuổi của con cộng thêm 4. Năm năm trước, tuổi của cha bằng 4 lần tuổi của con. Gọi tuổi của cha hiện nay là \(x\) và tuổi của con hiện nay là \(y\). Hãy lập hệ phương trình của bài toán.",Ta cần lập một phương trình cho tuổi hiện nay và một phương trình cho tuổi của 5 năm trước.  **Lời giải:** - Mối quan hệ tuổi hiện nay: \(x = 3y + 4 \Leftrightarrow x - 3y = 4\). - Mối quan hệ tuổi 5 năm trước:   + Tuổi cha 5 năm trước: \(x - 5\)   + Tuổi con 5 năm trước: \(y - 5\)   + Phương trình: \(x - 5 = 4(y - 5) \Leftrightarrow x - 4y = -15\).  Vậy hệ phương trình là: \(\begin{cases} x - 3y = 4 \\ x - 4y = -15 \end{cases}\),Thông hiểu
LO-00011,"Một ca nô chạy trên sông trong 3 giờ, xuôi dòng 48 km và ngược dòng 30 km. Biết vận tốc dòng nước là 2 km/h. Gọi vận tốc thực của ca nô là \(x\) (km/h) và thời gian ca nô xuôi dòng là \(y\) (giờ). Hãy lập hệ phương trình của bài toán.","Đây là bài toán chuyển động trên dòng nước, cần phân biệt vận tốc xuôi và ngược dòng.  **Lời giải:** - Vận tốc xuôi dòng: \(x+2\) km/h. Vận tốc ngược dòng: \(x-2\) km/h. - Thời gian xuôi dòng là \(y\) giờ, thời gian ngược dòng là \(3-y\) giờ. - Phương trình quãng đường xuôi dòng: \(y(x+2) = 48\). - Phương trình quãng đường ngược dòng: \((3-y)(x-2) = 30\).  Vậy hệ phương trình là: \(\begin{cases} y(x+2) = 48 \\ (3-y)(x-2) = 30 \end{cases}\). Đây là một hệ không tuyến tính, cho thấy sự phức tạp trong việc chọn ẩn.",Thông hiểu
LO-00011,Hai vòi nước cùng chảy vào một bể cạn thì sau 4 giờ 48 phút sẽ đầy bể. Nếu vòi thứ nhất chảy trong 4 giờ và vòi thứ hai chảy trong 3 giờ thì cả hai vòi chảy được \(\frac{3}{4}\) bể. Hỏi nếu chảy một mình thì mỗi vòi cần bao lâu để đầy bể?,"Đây là bài toán năng suất (làm chung - làm riêng).  **Lời giải:** - Bước 1: Đổi đơn vị: 4 giờ 48 phút = \(4 + \frac{48}{60} = 4.8 = \frac{24}{5}\) giờ. - Bước 2: Gọi ẩn.   Gọi thời gian vòi 1 và vòi 2 chảy một mình đầy bể lần lượt là \(x, y\) (giờ, \(x, y > 24/5\)).   Trong 1 giờ, vòi 1 chảy được \(\frac{1}{x}\) bể, vòi 2 chảy được \(\frac{1}{y}\) bể. - Bước 3: Lập hệ phương trình.   + Cả hai vòi cùng chảy 1 giờ được \(1 : \frac{24}{5} = \frac{5}{24}\) bể: \(\frac{1}{x} + \frac{1}{y} = \frac{5}{24}\) (1)   + Vòi 1 chảy 4 giờ, vòi 2 chảy 3 giờ được \(\frac{3}{4}\) bể: \(4 \cdot \frac{1}{x} + 3 \cdot \frac{1}{y} = \frac{3}{4}\) (2) - Bước 4: Giải hệ. Đặt \(u = 1/x, v = 1/y\). Ta có hệ: \(\begin{cases} u + v = 5/24 \\ 4u + 3v = 3/4 \end{cases}\).   Giải hệ này ta được \(u = 1/8, v = 1/12\). - Bước 5: Trả lại biến cũ và kết luận.   + \(1/x = 1/8 \Rightarrow x = 8\)   + \(1/y = 1/12 \Rightarrow y = 12\)   Vậy vòi 1 chảy một mình hết 8 giờ, vòi 2 chảy một mình hết 12 giờ.",Vận dụng
LO-00011,"Hai xe khởi hành cùng lúc từ hai địa điểm A và B cách nhau 150 km, đi ngược chiều nhau và gặp nhau sau 2 giờ. Nếu xe đi từ A khởi hành trước xe đi từ B 1 giờ thì chúng sẽ gặp nhau sau 1 giờ 36 phút kể từ lúc xe B khởi hành. Tính vận tốc của mỗi xe.","Đây là bài toán chuyển động ngược chiều.  **Lời giải:** - Bước 1: Đổi đơn vị: 1 giờ 36 phút = \(1 + \frac{36}{60} = 1.6\) giờ. - Bước 2: Gọi ẩn.   Gọi vận tốc xe đi từ A là \(x\) (km/h) và vận tốc xe đi từ B là \(y\) (km/h) (\(x, y > 0\)). - Bước 3: Lập hệ phương trình.   + Trường hợp 1 (khởi hành cùng lúc): Tổng quãng đường hai xe đi được sau 2 giờ là 150 km.     \(2x + 2y = 150 \Leftrightarrow x + y = 75\) (1)   + Trường hợp 2 (xe A đi trước 1 giờ): Xe A đi trong \(1 + 1.6 = 2.6\) giờ, xe B đi trong 1.6 giờ. Tổng quãng đường là 150 km.     \(2.6x + 1.6y = 150\) (2) - Bước 4: Giải hệ phương trình (1) và (2).   Từ (1) \(\Rightarrow y = 75 - x\). Thế vào (2):   \(2.6x + 1.6(75 - x) = 150\)   \(\Leftrightarrow 2.6x + 120 - 1.6x = 150\)   \(\Leftrightarrow x = 30\).   Suy ra \(y = 75 - 30 = 45\). - Bước 5: Kết luận.   Vận tốc xe đi từ A là 30 km/h, vận tốc xe đi từ B là 45 km/h.",Vận dụng
LO-00011,Một phòng họp có 360 ghế được xếp thành các dãy có số ghế ở mỗi dãy bằng nhau. Nếu bớt đi 3 dãy và mỗi dãy còn lại thêm 4 ghế thì số ghế trong phòng không đổi. Hỏi ban đầu phòng họp có bao nhiêu dãy ghế?,"Đây là bài toán về sắp xếp, có thể giải bằng cách lập hệ phương trình.  **Lời giải:** - Bước 1: Gọi ẩn.   Gọi số dãy ghế ban đầu là \(x\) (dãy) và số ghế mỗi dãy ban đầu là \(y\) (ghế/dãy) (\(x, y \in \mathbb{N}^*\)). - Bước 2: Lập hệ phương trình.   + Tổng số ghế ban đầu: \(xy = 360\) (1)   + Thay đổi cách xếp: Số dãy lúc sau là \(x-3\), số ghế mỗi dãy lúc sau là \(y+4\). Tổng số ghế không đổi:     \((x-3)(y+4) = 360\) (2) - Bước 3: Giải hệ phương trình.   Từ (2): \(xy + 4x - 3y - 12 = 360\).   Thế (1) vào: \(360 + 4x - 3y - 12 = 360 \Leftrightarrow 4x - 3y = 12\).   Từ (1) rút ra \(y = \frac{360}{x}\). Thế vào phương trình vừa rút gọn:   \(4x - 3\left(\frac{360}{x}\right) = 12 \Leftrightarrow 4x^2 - 1080 = 12x \Leftrightarrow x^2 - 3x - 270 = 0\).   Giải phương trình bậc hai ta được \(x = 18\) (nhận) và \(x = -15\) (loại). - Bước 4: Kết luận.   Vậy ban đầu phòng họp có 18 dãy ghế.",Vận dụng
LO-00011,Có hai loại dung dịch muối với nồng độ lần lượt là 5% và 30%. Cần phải trộn bao nhiêu gam mỗi loại dung dịch để thu được 500g dung dịch muối có nồng độ 25%?,"Đây là bài toán pha trộn dung dịch. Ta sẽ lập một phương trình cho tổng khối lượng dung dịch và một phương trình cho tổng khối lượng muối nguyên chất.  **Lời giải:** - Bước 1: Gọi ẩn.   Gọi khối lượng dung dịch 5% cần dùng là \(x\) (g).   Gọi khối lượng dung dịch 30% cần dùng là \(y\) (g).   (Điều kiện: \(x, y > 0\)). - Bước 2: Lập hệ phương trình.   + Phương trình về tổng khối lượng dung dịch:     \(x + y = 500\) (1)   + Phương trình về khối lượng muối nguyên chất:     Khối lượng muối trong dung dịch 5%: \(0.05x\)     Khối lượng muối trong dung dịch 30%: \(0.30y\)     Khối lượng muối trong dung dịch 25% cuối cùng: \(0.25 \times 500 = 125\) (g)     Ta có phương trình: \(0.05x + 0.30y = 125\) (2) - Bước 3: Giải hệ phương trình (1) và (2).   Từ (1) \(\Rightarrow x = 500 - y\). Thế vào (2):   \(0.05(500 - y) + 0.30y = 125\)   \(\Leftrightarrow 25 - 0.05y + 0.30y = 125\)   \(\Leftrightarrow 0.25y = 100\)   \(\Leftrightarrow y = 400\).   Suy ra \(x = 500 - 400 = 100\). - Bước 4: Kết luận.   Cần trộn 100g dung dịch 5% và 400g dung dịch 30%.",Vận dụng cao
LO-00011,"Một đội xe dự định dùng một số xe cùng loại để chở 120 tấn hàng. Lúc sắp làm việc, do có 5 xe bị điều đi làm việc khác, nên để hoàn thành công việc, mỗi xe còn lại phải chở thêm 2 tấn hàng so với dự định. Hỏi lúc đầu đội xe có bao nhiêu chiếc?","Đây là bài toán năng suất, giải bằng cách lập hệ phương trình.  **Lời giải:**  - **Bước 1: Gọi ẩn và đặt điều kiện.**   Gọi số xe lúc đầu là \(x\) (chiếc).   Gọi số tấn hàng mỗi xe dự định chở là \(y\) (tấn/xe).   Điều kiện: \(x\) nguyên dương, \(x > 5\), \(y > 0\).  - **Bước 2: Lập hệ phương trình.**   Theo dự định, đội xe chở 120 tấn hàng, ta có phương trình:   \(xy = 120\) (1)   Thực tế, số xe là \(x-5\) (chiếc) và mỗi xe phải chở \(y+2\) (tấn).   Ta có phương trình:   \((x-5)(y+2) = 120\) (2)  - **Bước 3: Giải hệ phương trình.**   Từ (2) ta có: \(xy + 2x - 5y - 10 = 120\) (3)   Thế (1) vào (3), ta được:   \(120 + 2x - 5y - 10 = 120\)   \(\Leftrightarrow 2x - 5y = 10\)   \(\Leftrightarrow 2x = 10 + 5y \Leftrightarrow x = \frac{10 + 5y}{2}\)    Thế biểu thức của \(x\) vào phương trình (1):   \(\left( \frac{10 + 5y}{2} \right) y = 120\)   \(\Leftrightarrow (10 + 5y)y = 240\)   \(\Leftrightarrow 10y + 5y^2 = 240\)   \(\Leftrightarrow 5y^2 + 10y - 240 = 0\)   \(\Leftrightarrow y^2 + 2y - 48 = 0\)  - **Bước 4: Giải phương trình bậc hai cho y.**   Ta có \(\Delta' = 1^2 - 1(-48) = 1 + 48 = 49 = 7^2\).   Phương trình có hai nghiệm phân biệt:   \(y_1 = \frac{-1 + 7}{1} = 6\) (Thỏa mãn điều kiện \(y > 0\))   \(y_2 = \frac{-1 - 7}{1} = -8\) (Loại vì \(y < 0\))  - **Bước 5: Tìm x và kết luận.**   Với \(y = 6\), ta tìm \(x\) từ (1):   \(x = \frac{120}{y} = \frac{120}{6} = 20\).   Giá trị \(x = 20\) thỏa mãn điều kiện \(x > 5\).    **Đáp số:** Lúc đầu đội xe có 20 chiếc.",Vận dụng cao
